Name,Surname,Email,Gender,JobTitle,Salary
Gena,Gimbart,ggimbart0@biglobe.ne.jp,1,Commander,17741.61
Beniamino,Pratchett,bpratchett1@narod.ru,2,Sherrif,16130.95
Agathe,Pinchbeck,apinchbeck2@dailymail.co.uk,2,Traffic Police,5363.54
Kiel,Faux,kfaux3@indiatimes.com,2,Detective,11933.11
Percy,Lally,plally4@who.int,2,Sergeant,16931.71
Blakeley,Mc Ilwrick,bmcilwrick5@usgs.gov,2,Field Training Officer,16525.07
Henderson,Dofty,hdofty6@histats.com,2,Field Training Officer,5005.84
Odella,Spalls,ospalls7@hatena.ne.jp,1,Drug Recognition Expert,17330.6
Jase,Roddick,jroddick8@ucsd.edu,2,Undercover Office,8559.04
Tam,Pennells,tpennells9@tinyurl.com,1,Police Officer,16387.33
Peder,Hockell,phockella@mozilla.org,1,Air marshal,17097.16
Francisco,O'Dempsey,fodempseyb@nature.com,1,Commander,13969.65
Gabrielle,Gimber,ggimberc@webmd.com,1,Undercover Office,15335.66
Earle,Tressler,etresslerd@apple.com,1,SWAT Operator,5635.61
Marwin,Cutting,mcuttinge@illinois.edu,2,Chief of Police,9916.1
Archibold,Butland,abutlandf@elegantthemes.com,2,Instructor,6025.71
Gwenora,Moulson,gmoulsong@hc360.com,2,Traffic Police,8328.54
Sharity,Meldrum,smeldrumh@tinyurl.com,2,Drug Recognition Expert,12568.07
Faina,Seivwright,fseivwrighti@merriam-webster.com,1,Sergeant,16008.0
Ezri,Harden,ehardenj@tiny.cc,1,Sherrif,13335.04
Feliza,Hayes,fhayesk@youku.com,2,Undercover Office,12512.55
Oneida,Lepper,olepperl@sfgate.com,1,Detective,7399.73
Marisa,Tolle,mtollem@japanpost.jp,2,Crime Scene Investigator,19204.32
Townsend,Marcos,tmarcosn@nature.com,2,FBI agent,8090.67
Elisa,Kirkwood,ekirkwoodo@google.cn,1,Bike patrol,14850.4
Brenna,Bartoloma,bbartolomap@bing.com,1,Narcotics Officer,5171.36
Pen,Percy,ppercyq@theglobeandmail.com,1,Chief of Police,16237.26
Jelene,Barriball,jbarriballr@smugmug.com,1,Traffic Police,15795.77
Maurice,Driffield,mdriffields@icio.us,1,Lieutenant,7281.13
Adams,Dunican,adunicant@zdnet.com,1,Sherrif,19072.24
Fabe,Guinness,fguinnessu@telegraph.co.uk,1,Traffic Police,16682.93
Gannon,Schuster,gschusterv@vk.com,2,Crime Scene Investigator,17487.67
Tedd,Peddie,tpeddiew@alexa.com,1,SWAT Operator,12305.44
Ardra,Phant,aphantx@jugem.jp,1,Instructor,7512.57
Paten,Pendlebury,ppendleburyy@ted.com,2,Field Training Officer,6495.35
Pietrek,Dadd,pdaddz@mozilla.org,1,Victim advocate,17318.89
Trueman,Bompas,tbompas10@sakura.ne.jp,1,Detective,10063.62
Lia,Strutt,lstrutt11@harvard.edu,2,Bike patrol,17123.37
Paco,Petricek,ppetricek12@apple.com,2,Detective,7674.26
Basia,Pontefract,bpontefract13@ask.com,2,Bike patrol,15350.68
Godfree,Reckless,greckless14@gov.uk,1,FBI agent,12027.56
Les,Burleton,lburleton15@biblegateway.com,2,Air marshal,13797.09
Clem,Pardal,cpardal16@naver.com,2,Special agent,13952.0
Cheryl,Cotgrave,ccotgrave17@businesswire.com,1,Field Training Officer,19900.58
Kalinda,Caville,kcaville18@naver.com,1,Drug Recognition Expert,7754.13
Simmonds,Baggs,sbaggs19@si.edu,1,Sergeant,17138.28
Johnnie,Boddis,jboddis1a@goo.gl,2,Sherrif,11888.35
Edna,Damrell,edamrell1b@naver.com,2,FBI agent,10238.44
Beryle,Porter,bporter1c@google.com.br,2,Jailer,10781.79
Berk,Morando,bmorando1d@mtv.com,2,Sergeant,15720.08
Harli,Stoute,hstoute1e@oracle.com,1,Jailer,10290.6
Derry,Blunden,dblunden1f@bandcamp.com,1,Crime Scene Investigator,6783.56
Corrinne,Bryce,cbryce1g@infoseek.co.jp,2,Instructor,6215.71
Cordy,Cosgreave,ccosgreave1h@census.gov,1,Bike patrol,14423.64
Zebulen,Dinsey,zdinsey1i@ocn.ne.jp,2,SWAT Operator,6488.24
Dionisio,Offord,dofford1j@moonfruit.com,2,Police Officer,15937.7
Ulrikaumeko,Killingbeck,ukillingbeck1k@foxnews.com,1,Narcotics Officer,7416.96
Rona,Conneely,rconneely1l@t-online.de,1,Bike patrol,6212.05
Had,Frowde,hfrowde1m@wordpress.org,2,Narcotics Officer,13294.16
Brian,Garratt,bgarratt1n@loc.gov,1,Detective,8625.63
Melisandra,D'Antuoni,mdantuoni1o@lycos.com,2,Victim advocate,7640.23
Felita,Bolderstone,fbolderstone1p@weibo.com,1,Air marshal,9567.61
Jamaal,Callcott,jcallcott1q@wordpress.org,2,Victim advocate,8847.82
Jaclyn,Tydeman,jtydeman1r@moonfruit.com,2,Victim advocate,7381.23
Sophie,Bickerdike,sbickerdike1s@people.com.cn,2,Chief of Police,5847.66
Ashil,Shulver,ashulver1t@linkedin.com,1,Instructor,12842.58
Carry,Sammon,csammon1u@skype.com,1,Crime Scene Investigator,8263.87
Gayel,Rey,grey1v@state.gov,1,FBI agent,11948.75
Dore,Brogden,dbrogden1w@indiatimes.com,1,Crime Scene Investigator,5679.81
Darcie,Clyant,dclyant1x@ftc.gov,1,Commander,14202.87
Margette,Bennington,mbennington1y@ucoz.com,2,Chief of Police,16160.1
Verge,Muge,vmuge1z@wikipedia.org,2,Drug Recognition Expert,7470.17
Skell,McElane,smcelane20@constantcontact.com,1,Chief of Police,6123.41
Reuben,Scallan,rscallan21@discuz.net,2,SWAT Operator,18495.05
Lidia,Maulden,lmaulden22@wufoo.com,1,Instructor,9108.01
Kahaleel,Disbrey,kdisbrey23@msn.com,2,Field Training Officer,7374.96
Jehu,Tabord,jtabord24@vinaora.com,2,Crime Scene Investigator,17506.55
Daffi,Drohan,ddrohan25@fotki.com,2,Special agent,7561.46
Waverley,Retallick,wretallick26@ehow.com,2,Detective,11375.0
Shani,Fairburne,sfairburne27@shinystat.com,1,Detective,11492.08
Granthem,Guillain,gguillain28@paginegialle.it,1,Instructor,19843.8
Cleavland,Stirzaker,cstirzaker29@biblegateway.com,1,Field Training Officer,8735.74
Charmion,Windas,cwindas2a@slate.com,2,Sherrif,9415.68
Renard,Jiggen,rjiggen2b@etsy.com,1,Bike patrol,13492.01
Nicolais,Abelson,nabelson2c@slideshare.net,2,Chief of Police,7194.71
Ulric,Poole,upoole2d@sitemeter.com,1,Crime Scene Investigator,6981.76
Mikel,Ceccoli,mceccoli2e@example.com,1,Undercover Office,9551.59
Ricky,Naul,rnaul2f@redcross.org,2,FBI agent,8146.0
Andris,Aucoate,aaucoate2g@bluehost.com,1,Jailer,9450.17
Hallsy,Douris,hdouris2h@nbcnews.com,1,Police Officer,16836.62
Reed,Greenlies,rgreenlies2i@redcross.org,2,Sergeant,15424.92
Artair,Dunthorne,adunthorne2j@storify.com,2,Traffic Police,5163.13
Amalie,Learoyd,alearoyd2k@chicagotribune.com,2,Lieutenant,13569.07
Benito,Hriinchenko,bhriinchenko2l@webs.com,2,Field Training Officer,7222.19
Thorstein,Stedson,tstedson2m@github.com,2,Chief of Police,5064.28
Hieronymus,Dearsley,hdearsley2n@techcrunch.com,1,Narcotics Officer,5704.8
Paxon,Watterson,pwatterson2o@china.com.cn,2,Sergeant,9727.92
Gothart,Feaster,gfeaster2p@shareasale.com,2,FBI agent,7174.32
Samantha,Rosendahl,srosendahl2q@arizona.edu,2,SWAT Operator,19226.15
Lane,Larret,llarret2r@tripod.com,2,Bike patrol,19225.25
Sasha,Elstub,selstub2s@bloglovin.com,2,SWAT Operator,12651.38
Phylys,Seals,pseals2t@1688.com,1,Sherrif,16032.15
Jayson,Jaye,jjaye2u@deviantart.com,1,Jailer,17372.87
Lee,Clempton,lclempton2v@infoseek.co.jp,2,Bike patrol,10938.02
Jada,Blundin,jblundin2w@ycombinator.com,1,Lieutenant,17591.9
Charles,Kirley,ckirley2x@pinterest.com,1,Detective,18562.63
Martha,Cumpton,mcumpton2y@nymag.com,2,Traffic Police,18533.32
Ebony,Matten,ematten2z@youku.com,2,Field Training Officer,12771.33
Sanson,Mildenhall,smildenhall30@weibo.com,2,Sergeant,18624.88
Cad,Layton,clayton31@typepad.com,2,Victim advocate,5557.47
Nickola,Jowle,njowle32@dagondesign.com,1,Sherrif,15968.45
Helenelizabeth,Tomsu,htomsu33@youtube.com,2,Sherrif,14557.58
Martguerita,Flippelli,mflippelli34@parallels.com,2,FBI agent,5100.79
Xymenes,Konrad,xkonrad35@cdbaby.com,2,Drug Recognition Expert,13491.39
Darrell,Dand,ddand36@creativecommons.org,1,Bike patrol,14055.77
Golda,Knill,gknill37@craigslist.org,2,Sherrif,14480.71
Rosa,Tolcharde,rtolcharde38@wsj.com,2,Undercover Office,18499.07
Gabby,Bover,gbover39@samsung.com,2,Narcotics Officer,15499.2
Zebedee,Cyples,zcyples3a@clickbank.net,1,Special agent,17876.2
Hatti,Gorsse,hgorsse3b@cnet.com,1,Bike patrol,19831.24
Loni,Allcroft,lallcroft3c@netlog.com,1,FBI agent,19906.95
Romain,Banbridge,rbanbridge3d@usatoday.com,2,Sherrif,8295.59
Brandyn,Filipowicz,bfilipowicz3e@barnesandnoble.com,2,Chief of Police,7353.34
Bethena,MacRonald,bmacronald3f@telegraph.co.uk,1,Commander,11070.81
Aldridge,Aim,aaim3g@bing.com,1,Detective,17035.42
Prince,Firbanks,pfirbanks3h@discovery.com,1,Sherrif,10857.19
Kelsi,Rubens,krubens3i@hhs.gov,2,Narcotics Officer,11187.93
Gay,Gumb,ggumb3j@g.co,2,Police Officer,16322.65
Elberta,Coggin,ecoggin3k@1688.com,2,Jailer,17210.29
Wally,Hubery,whubery3l@gravatar.com,2,Bike patrol,10802.21
Ugo,Paynter,upaynter3m@ucoz.com,2,Victim advocate,10919.3
Lyell,De Meis,ldemeis3n@ihg.com,2,Detective,6932.29
Arlene,Hilldrup,ahilldrup3o@ifeng.com,1,Sergeant,19588.77
Roanne,Barkes,rbarkes3p@netlog.com,2,Instructor,11875.42
Trudie,Oglesbee,toglesbee3q@jalbum.net,1,SWAT Operator,11182.63
Guilbert,Rosekilly,grosekilly3r@shareasale.com,2,Undercover Office,18783.39
Mariam,Ceely,mceely3s@auda.org.au,2,Undercover Office,6973.03
Rosco,Armfield,rarmfield3t@phoca.cz,2,Lieutenant,17820.52
Scottie,Farny,sfarny3u@time.com,1,Special agent,18404.18
Jodie,Dabbes,jdabbes3v@oakley.com,1,Jailer,5132.86
Jacinda,Moyes,jmoyes3w@economist.com,1,Jailer,11191.67
Dorris,Worsfield,dworsfield3x@microsoft.com,2,Air marshal,6860.08
Isobel,Abyss,iabyss3y@clickbank.net,2,SWAT Operator,14058.02
Korrie,Davidovici,kdavidovici3z@about.me,1,Victim advocate,18451.46
Allis,McFaell,amcfaell40@webmd.com,1,Lieutenant,19811.31
Jonell,McKeighen,jmckeighen41@wsj.com,2,Undercover Office,19433.21
Chevalier,Heape,cheape42@odnoklassniki.ru,2,Undercover Office,10091.53
Casey,Davidoff,cdavidoff43@fotki.com,1,Sherrif,5625.47
Dimitri,Bartali,dbartali44@comcast.net,1,Bike patrol,8963.17
Mercie,Lightbourne,mlightbourne45@loc.gov,1,Detective,18367.65
Kerby,Grimes,kgrimes46@dmoz.org,1,Sherrif,5727.92
Berne,Collomosse,bcollomosse47@amazon.com,1,Commander,6341.73
Penrod,Lansberry,plansberry48@walmart.com,1,SWAT Operator,12219.16
Saw,Magor,smagor49@cyberchimps.com,1,Lieutenant,11147.23
Angie,Spurway,aspurway4a@meetup.com,1,Sergeant,17740.88
Neilla,Minnette,nminnette4b@facebook.com,2,Bike patrol,19530.89
Tiebold,Phipson,tphipson4c@vk.com,2,Police Officer,18874.16
Clifford,De L'Isle,cdelisle4d@independent.co.uk,2,Special agent,16532.69
Gerik,Vasiliu,gvasiliu4e@msn.com,1,Police Officer,10892.01
Harrison,Alvis,halvis4f@senate.gov,1,Sergeant,12570.76
Lora,Wenham,lwenham4g@yellowpages.com,1,Sherrif,6267.0
Rosalinda,Gierok,rgierok4h@ca.gov,1,Victim advocate,10256.43
Branden,Cartmael,bcartmael4i@accuweather.com,2,Sergeant,10610.84
Doroteya,Croster,dcroster4j@state.tx.us,1,Narcotics Officer,5074.03
Ally,Massingham,amassingham4k@tuttocitta.it,2,Police Officer,18466.84
Aldwin,Daybell,adaybell4l@mlb.com,1,Special agent,17920.5
Modestia,Hubbins,mhubbins4m@eepurl.com,2,Special agent,6793.16
Wolfy,Dibner,wdibner4n@ihg.com,2,Air marshal,19242.81
Mahmoud,Spellman,mspellman4o@amazon.co.uk,2,Field Training Officer,10809.63
Nicol,Snazel,nsnazel4p@java.com,2,Undercover Office,16073.63
Filippo,MacFie,fmacfie4q@wikia.com,1,Bike patrol,6154.55
Johny,Scriven,jscriven4r@sina.com.cn,2,Special agent,7260.66
Kacie,Walkingshaw,kwalkingshaw4s@mtv.com,1,Chief of Police,6461.39
Jayson,Mertel,jmertel4t@nih.gov,2,Sherrif,19364.78
Sol,Earle,searle4u@weather.com,2,Victim advocate,19202.76
Jsandye,Lentsch,jlentsch4v@storify.com,1,Drug Recognition Expert,14043.64
Eleanora,Tilio,etilio4w@bing.com,1,Sherrif,9104.93
Peirce,Towsey,ptowsey4x@bloglines.com,2,Chief of Police,10928.85
Lyndsey,Letty,lletty4y@addtoany.com,1,Traffic Police,9696.92
Edlin,Lequeux,elequeux4z@dagondesign.com,2,Undercover Office,16829.0
Elias,Mawhinney,emawhinney50@cisco.com,1,Air marshal,14828.52
Allen,Lambrecht,alambrecht51@timesonline.co.uk,2,Jailer,15803.52
Cherish,Surmeyers,csurmeyers52@ebay.co.uk,1,SWAT Operator,11355.96
Blondy,Mc Kellen,bmckellen53@webeden.co.uk,2,Victim advocate,10207.32
Allister,McNelly,amcnelly54@wsj.com,2,Special agent,12035.92
Amandi,McPartlin,amcpartlin55@moonfruit.com,1,Sergeant,11488.42
Obie,Tosspell,otosspell56@webeden.co.uk,2,Jailer,12773.67
Tamar,Lawleff,tlawleff57@ftc.gov,2,Bike patrol,8203.78
Patrizia,Gammidge,pgammidge58@squidoo.com,1,Victim advocate,7778.04
Kori,Kerridge,kkerridge59@hubpages.com,2,Commander,11747.25
Cesaro,Carpmile,ccarpmile5a@reverbnation.com,2,Lieutenant,7297.48
Brewster,Placide,bplacide5b@nsw.gov.au,1,SWAT Operator,6094.36
Barbette,Sheara,bsheara5c@google.cn,1,Field Training Officer,19265.22
Miof mela,Turbard,mturbard5d@pinterest.com,2,Detective,10267.31
Verney,Swindles,vswindles5e@4shared.com,2,Bike patrol,18403.07
Cathrin,Borleace,cborleace5f@buzzfeed.com,1,Sherrif,18103.47
Earlie,Trematick,etrematick5g@scientificamerican.com,1,Crime Scene Investigator,14305.07
Vevay,Harrison,vharrison5h@cocolog-nifty.com,2,Air marshal,9665.52
Leoline,Meldrum,lmeldrum5i@geocities.jp,2,Narcotics Officer,7151.7
Laurette,Werndley,lwerndley5j@usnews.com,2,Instructor,6362.89
Marijo,Bover,mbover5k@home.pl,1,Lieutenant,13131.89
Meredith,Colwill,mcolwill5l@taobao.com,1,Jailer,9549.89
Cammy,Peplow,cpeplow5m@reverbnation.com,1,Victim advocate,14101.43
Elsi,Muriel,emuriel5n@wisc.edu,1,Crime Scene Investigator,5572.76
Jackqueline,Jessen,jjessen5o@time.com,2,Field Training Officer,16372.56
Raffaello,Beining,rbeining5p@blogspot.com,1,Sergeant,13196.42
Jervis,Childerley,jchilderley5q@mit.edu,1,Jailer,9019.9
Danyette,Jemmett,djemmett5r@microsoft.com,1,FBI agent,14725.34
Berny,Ferie,bferie5s@over-blog.com,2,SWAT Operator,14247.69
Kate,Webling,kwebling5t@jalbum.net,1,Lieutenant,8297.34
Arlana,Antoszczyk,aantoszczyk5u@bloglovin.com,2,Undercover Office,15697.2
Sayer,Coneau,sconeau5v@state.tx.us,2,Air marshal,5004.96
Benyamin,Tilling,btilling5w@reverbnation.com,2,Undercover Office,19047.73
Phillida,Pallesen,ppallesen5x@vk.com,2,Commander,17135.95
Giuseppe,Tinklin,gtinklin5y@psu.edu,2,Police Officer,8853.73
Marrissa,Jent,mjent5z@cmu.edu,2,Lieutenant,6648.37
Nickie,Tarren,ntarren60@wisc.edu,1,Crime Scene Investigator,16579.85
Ange,Sertin,asertin61@fda.gov,1,Lieutenant,9963.92
Georgianna,Lottrington,glottrington62@elegantthemes.com,2,Traffic Police,10053.96
Frederich,Rutley,frutley63@cisco.com,1,Victim advocate,7547.4
Faith,Paschke,fpaschke64@parallels.com,1,Victim advocate,16363.0
Karly,Brodhead,kbrodhead65@phpbb.com,1,Commander,10551.78
Evin,Davis,edavis66@guardian.co.uk,1,Bike patrol,18328.68
Lacey,St. Quentin,lstquentin67@arstechnica.com,2,SWAT Operator,17602.72
Carolina,Baselli,cbaselli68@about.me,1,FBI agent,11973.5
Anneliese,Creer,acreer69@ning.com,2,FBI agent,14847.28
Julio,Biesty,jbiesty6a@bravesites.com,2,Chief of Police,11561.69
Robby,Prendergast,rprendergast6b@canalblog.com,2,Chief of Police,8787.77
Fayre,Fowles,ffowles6c@oakley.com,2,Instructor,14972.99
Zarah,Persey,zpersey6d@slate.com,1,FBI agent,12342.32
Ryon,Sams,rsams6e@mapy.cz,2,Lieutenant,14136.64
Reeva,Grose,rgrose6f@cnn.com,2,Drug Recognition Expert,5644.61
Nikola,Fannin,nfannin6g@ehow.com,2,Victim advocate,6932.41
Miguelita,LAbbet,mlabbet6h@weather.com,2,Lieutenant,6778.22
Darelle,Dubble,ddubble6i@bloglovin.com,1,Undercover Office,17411.09
Tyson,Avrahamof,tavrahamof6j@zimbio.com,1,Field Training Officer,16133.7
Way,Rapport,wrapport6k@studiopress.com,1,Drug Recognition Expert,12679.25
Lindie,Samuels,lsamuels6l@ameblo.jp,1,Detective,8645.13
Yul,Bootherstone,ybootherstone6m@cbc.ca,2,Air marshal,19430.02
Corilla,Johann,cjohann6n@icio.us,2,Drug Recognition Expert,12368.69
Jeffry,Chrystal,jchrystal6o@miibeian.gov.cn,1,SWAT Operator,7120.43
Tamiko,Hacquoil,thacquoil6p@tmall.com,1,Chief of Police,14483.0
Nikola,Duckit,nduckit6q@pinterest.com,2,Traffic Police,9355.19
Karisa,Beau,kbeau6r@si.edu,1,Lieutenant,13673.67
Adey,Wison,awison6s@wufoo.com,1,Traffic Police,18676.44
Gonzalo,Gaffer,ggaffer6t@github.io,2,Lieutenant,13113.38
Huey,Quaintance,hquaintance6u@dailymotion.com,1,Crime Scene Investigator,12899.85
Daisey,Billington,dbillington6v@bandcamp.com,2,Special agent,11491.56
Charmian,January 1st,cjanuaryst6w@is.gd,1,Commander,8107.83
Hesther,Screwton,hscrewton6x@shinystat.com,1,FBI agent,12710.19
Lynnette,Rackley,lrackley6y@elpais.com,1,Commander,7997.9
Tibold,Postans,tpostans6z@hud.gov,1,FBI agent,7315.73
Layne,Ferencz,lferencz70@cbslocal.com,2,Sergeant,7233.72
Lesli,Dewbury,ldewbury71@last.fm,1,Chief of Police,18425.97
Ives,Phillcock,iphillcock72@webmd.com,1,Traffic Police,5873.16
Tami,O'Howbane,tohowbane73@hugedomains.com,1,Drug Recognition Expert,14337.52
Isahella,Barkhouse,ibarkhouse74@sina.com.cn,2,SWAT Operator,5638.02
Chas,Lerner,clerner75@hibu.com,1,Undercover Office,7549.07
Karalynn,Turneaux,kturneaux76@chicagotribune.com,2,Crime Scene Investigator,19229.88
Terese,Hyland,thyland77@tamu.edu,1,Bike patrol,10590.33
Ashbey,Toomey,atoomey78@whitehouse.gov,1,Narcotics Officer,9042.29
Evy,Symmers,esymmers79@yandex.ru,1,Instructor,17367.84
Annecorinne,McNeigh,amcneigh7a@mtv.com,1,Police Officer,13731.98
Ebony,Wharrier,ewharrier7b@sina.com.cn,2,Chief of Police,16272.91
Erl,Badwick,ebadwick7c@merriam-webster.com,2,SWAT Operator,9694.88
Kyrstin,Connick,kconnick7d@addthis.com,1,Field Training Officer,12443.04
Daloris,Shuttlewood,dshuttlewood7e@over-blog.com,1,SWAT Operator,11902.35
Wenda,Beale,wbeale7f@irs.gov,2,Drug Recognition Expert,9937.2
Betteanne,McLay,bmclay7g@mayoclinic.com,2,Victim advocate,15774.32
Arabela,Palmar,apalmar7h@ed.gov,1,Crime Scene Investigator,5126.91
Sheffie,Pinkard,spinkard7i@guardian.co.uk,2,Bike patrol,15200.82
Alika,Reboulet,areboulet7j@topsy.com,1,Instructor,11018.83
Christophorus,Sweed,csweed7k@google.com.hk,2,Traffic Police,17329.65
Ashlee,Coolbear,acoolbear7l@reddit.com,2,Chief of Police,19401.29
Joyan,Schapiro,jschapiro7m@ibm.com,2,Lieutenant,6815.7
Nil,Dooland,ndooland7n@unblog.fr,2,Air marshal,19076.08
Myron,Stickford,mstickford7o@ehow.com,2,Sergeant,10606.17
Doroteya,Skivington,dskivington7p@sourceforge.net,2,Field Training Officer,12015.87
Balduin,Gyrgorwicx,bgyrgorwicx7q@sciencedirect.com,2,Commander,14457.06
Augusto,Buttrick,abuttrick7r@google.de,1,Drug Recognition Expert,5460.48
Haleigh,Spencelayh,hspencelayh7s@virginia.edu,2,Special agent,18716.26
Amberly,Counihan,acounihan7t@washington.edu,2,Narcotics Officer,15211.01
Alon,Allington,aallington7u@reference.com,2,Lieutenant,17769.82
Nickie,Maynard,nmaynard7v@lycos.com,2,Victim advocate,19985.26
Kingsley,Tapton,ktapton7w@ocn.ne.jp,1,Sherrif,5026.0
Kurt,Tunnoch,ktunnoch7x@google.cn,1,Sergeant,14654.01
Konstantine,Yellowlea,kyellowlea7y@loc.gov,2,Special agent,10842.02
Harcourt,Buswell,hbuswell7z@sakura.ne.jp,1,Special agent,6435.92
Alexia,Streat,astreat80@upenn.edu,2,Narcotics Officer,7624.65
Shepherd,O'Hartnedy,sohartnedy81@bluehost.com,1,Undercover Office,10337.46
Giacobo,Ratledge,gratledge82@unc.edu,1,FBI agent,12345.76
Ancell,Fawley,afawley83@miitbeian.gov.cn,1,Undercover Office,6593.9
Trumann,Skillicorn,tskillicorn84@abc.net.au,2,Lieutenant,5269.68
Pearle,Biasioni,pbiasioni85@t.co,2,Detective,9391.02
Darnell,Huffa,dhuffa86@geocities.jp,1,Instructor,9612.5
Somerset,Dymidowski,sdymidowski87@topsy.com,2,Instructor,11917.73
Alysa,Margett,amargett88@yellowpages.com,2,Crime Scene Investigator,15364.59
Elsey,Giblett,egiblett89@vk.com,1,Bike patrol,18459.11
Trumaine,Hardy,thardy8a@harvard.edu,1,Crime Scene Investigator,18271.81
Gianina,Edworthie,gedworthie8b@comcast.net,1,Bike patrol,13503.35
Odetta,Scholling,oscholling8c@ocn.ne.jp,2,Instructor,17391.8
Joelie,Duggary,jduggary8d@soundcloud.com,1,Special agent,12649.14
Verene,Camber,vcamber8e@facebook.com,2,Instructor,5839.08
Julius,Prazer,jprazer8f@forbes.com,2,Special agent,11512.43
Flossie,Doggrell,fdoggrell8g@aol.com,1,FBI agent,5881.98
Judah,Reneke,jreneke8h@shinystat.com,1,SWAT Operator,12577.94
Kristina,Lalor,klalor8i@taobao.com,2,Drug Recognition Expert,9325.68
Charla,Newsome,cnewsome8j@eepurl.com,2,Special agent,18944.17
Howey,Greetland,hgreetland8k@si.edu,1,Victim advocate,8014.06
Evonne,Willmot,ewillmot8l@stumbleupon.com,1,Instructor,18768.3
Hamlin,Elcom,helcom8m@seattletimes.com,1,Field Training Officer,12236.23
Willie,Scain,wscain8n@qq.com,1,Narcotics Officer,16550.13
Felita,Copes,fcopes8o@marriott.com,2,Bike patrol,7005.29
Quentin,Wrankling,qwrankling8p@ted.com,1,Detective,7034.52
Vance,Zollner,vzollner8q@apple.com,2,Sergeant,5257.07
Latia,Innis,linnis8r@tmall.com,1,Narcotics Officer,10886.32
Odette,Moyse,omoyse8s@vinaora.com,1,Instructor,19558.91
Evelina,Blenkinship,eblenkinship8t@telegraph.co.uk,1,SWAT Operator,19390.87
Sydelle,Sculpher,ssculpher8u@soundcloud.com,1,Police Officer,11239.09
Bibbye,Pelham,bpelham8v@indiatimes.com,2,FBI agent,8259.71
Marrissa,Adcocks,madcocks8w@newsvine.com,1,Victim advocate,16674.97
Mehetabel,Maplethorp,mmaplethorp8x@samsung.com,2,Chief of Police,15384.5
Rollin,Hinze,rhinze8y@disqus.com,2,Chief of Police,15088.14
Zacharie,Luce,zluce8z@ameblo.jp,2,Police Officer,14747.77
Jackquelin,Siddall,jsiddall90@mac.com,1,Commander,5258.58
Matthiew,Temlett,mtemlett91@smugmug.com,2,Sherrif,5678.01
Irvin,Ruddom,iruddom92@zimbio.com,1,Drug Recognition Expert,6421.71
Jodee,Drust,jdrust93@youtu.be,1,Narcotics Officer,6772.12
Augustine,Poli,apoli94@instagram.com,2,Special agent,19523.51
Roobbie,Orrin,rorrin95@imageshack.us,2,FBI agent,19703.86
Frank,Cosgrove,fcosgrove96@woothemes.com,2,SWAT Operator,12409.8
Niven,Mulberry,nmulberry97@biglobe.ne.jp,2,SWAT Operator,15808.32
Sara,Wessel,swessel98@lulu.com,1,Detective,12378.13
Venus,Arrington,varrington99@squidoo.com,2,Sergeant,8275.63
Cloris,Priddis,cpriddis9a@dropbox.com,2,SWAT Operator,11564.9
Olenolin,Hanford,ohanford9b@weebly.com,2,Drug Recognition Expert,12462.98
Brucie,Ciric,bciric9c@51.la,2,Traffic Police,6636.49
Joellyn,Quixley,jquixley9d@stumbleupon.com,2,Special agent,10545.42
Philippe,Spiers,pspiers9e@yolasite.com,1,FBI agent,7389.67
Dante,Burdin,dburdin9f@feedburner.com,2,Field Training Officer,8168.13
Merrel,Weins,mweins9g@soundcloud.com,2,SWAT Operator,12394.33
Carmelina,Nickoll,cnickoll9h@nbcnews.com,1,Police Officer,13222.99
Cordula,Dregan,cdregan9i@imgur.com,1,Field Training Officer,19243.64
Priscilla,Longrigg,plongrigg9j@cbslocal.com,1,Chief of Police,17512.79
Ashlie,Kenaway,akenaway9k@free.fr,1,Lieutenant,18266.96
Archibald,Hiscocks,ahiscocks9l@zdnet.com,2,Traffic Police,16917.43
Bent,Castro,bcastro9m@ocn.ne.jp,2,Jailer,6396.26
Packston,Rabjohn,prabjohn9n@theatlantic.com,1,Air marshal,10219.05
Page,Eisig,peisig9o@dailymail.co.uk,1,Instructor,15993.99
Arte,Antao,aantao9p@rakuten.co.jp,1,Drug Recognition Expert,9622.89
Melany,Shakle,mshakle9q@jugem.jp,2,Narcotics Officer,15520.03
George,Biner,gbiner9r@cloudflare.com,1,Police Officer,13865.45
Barrie,Caseborne,bcaseborne9s@geocities.jp,1,Air marshal,8709.2
Randal,Trundell,rtrundell9t@statcounter.com,2,Instructor,8515.8
Sherlocke,Zanussii,szanussii9u@ftc.gov,1,SWAT Operator,19399.72
Umberto,Draude,udraude9v@angelfire.com,1,Field Training Officer,13632.04
Loralie,Bandey,lbandey9w@mac.com,2,Crime Scene Investigator,8061.51
Doria,Gilley,dgilley9x@phoca.cz,2,Commander,10758.71
Casandra,Brecknall,cbrecknall9y@1688.com,2,SWAT Operator,12865.75
Barnett,Cornewall,bcornewall9z@hc360.com,1,Police Officer,19957.17
Leland,Saxton,lsaxtona0@sun.com,1,FBI agent,11101.89
Terrence,Geeves,tgeevesa1@scientificamerican.com,2,Field Training Officer,5823.57
Elsbeth,Jankiewicz,ejankiewicza2@zimbio.com,2,Bike patrol,13814.36
Lavina,Dabner,ldabnera3@marketwatch.com,2,Undercover Office,12346.72
Cecil,Ayre,cayrea4@flavors.me,2,Field Training Officer,8085.4
Anatol,Martello,amartelloa5@com.com,2,Chief of Police,15467.41
Lexy,Hewson,lhewsona6@bloglovin.com,2,Drug Recognition Expert,13516.63
Siobhan,Crippes,scrippesa7@goo.gl,2,Bike patrol,8606.42
Thibaud,Seedull,tseedulla8@github.io,1,Air marshal,7150.37
Hortensia,Landeg,hlandega9@forbes.com,1,Sergeant,14813.01
Sig,McCahey,smccaheyaa@purevolume.com,2,Crime Scene Investigator,12951.45
Keeley,Paish,kpaishab@pcworld.com,1,Chief of Police,19954.02
Allys,Cockcroft,acockcroftac@nasa.gov,1,Police Officer,8147.39
Bo,Causnett,bcausnettad@jiathis.com,1,SWAT Operator,7246.35
Justis,Diamond,jdiamondae@eventbrite.com,2,Field Training Officer,16232.72
Johnathan,Gawthrope,jgawthropeaf@yale.edu,2,Undercover Office,12888.12
Korey,Fricke,kfrickeag@meetup.com,1,Field Training Officer,8446.83
Claybourne,Forstall,cforstallah@issuu.com,1,Special agent,5867.41
Gaultiero,Kertess,gkertessai@washington.edu,2,Narcotics Officer,9981.78
Carson,Buxey,cbuxeyaj@bigcartel.com,2,FBI agent,7696.35
Pearline,Escott,pescottak@foxnews.com,1,Lieutenant,17511.1
Dix,Lindelof,dlindelofal@fotki.com,1,Jailer,11252.77
Danie,Fullerton,dfullertonam@desdev.cn,1,Narcotics Officer,19270.67
Elora,Priden,epridenan@furl.net,2,Undercover Office,11029.2
Cyrill,Chaudhry,cchaudhryao@msn.com,1,Victim advocate,9021.82
Carlina,Fritchly,cfritchlyap@behance.net,1,Victim advocate,16805.65
Kare,Skeermor,kskeermoraq@google.es,2,Undercover Office,15490.35
Alyson,Isakov,aisakovar@upenn.edu,1,Undercover Office,18471.34
Alvis,Leason,aleasonas@gizmodo.com,1,Chief of Police,8834.88
Rebbecca,Itzkin,ritzkinat@blinklist.com,1,Drug Recognition Expert,6599.18
Lenora,Tedorenko,ltedorenkoau@jugem.jp,1,Undercover Office,9661.43
Lizzy,Gilffilland,lgilffillandav@last.fm,1,Narcotics Officer,11851.21
Brody,Seifenmacher,bseifenmacheraw@mediafire.com,1,Field Training Officer,13621.78
Katha,Kitteridge,kkitteridgeax@psu.edu,1,Detective,5530.19
Cindy,Liddington,cliddingtonay@qq.com,1,Undercover Office,19811.62
Turner,Fumagall,tfumagallaz@g.co,1,Undercover Office,11211.29
Guendolen,Hotchkin,ghotchkinb0@themeforest.net,1,Traffic Police,18968.66
Gilli,Loude,gloudeb1@hud.gov,1,Commander,7288.71
Neale,McNish,nmcnishb2@1688.com,1,Narcotics Officer,19442.27
Annette,Attewill,aattewillb3@bandcamp.com,1,Undercover Office,6190.71
Stillman,Husset,shussetb4@mail.ru,1,Lieutenant,15559.96
Joanna,Assinder,jassinderb5@whitehouse.gov,1,Chief of Police,7711.51
Maryanna,Cumberpatch,mcumberpatchb6@live.com,2,Instructor,19047.44
Sula,Macro,smacrob7@yahoo.co.jp,2,Victim advocate,6625.95
Gretna,Maryin,gmaryinb8@webnode.com,2,Bike patrol,10952.98
Graehme,O'Cullinane,gocullinaneb9@hostgator.com,2,Crime Scene Investigator,7646.33
Beatriz,Morefield,bmorefieldba@mail.ru,2,Drug Recognition Expert,9087.58
Tadeo,Gateland,tgatelandbb@hao123.com,1,Drug Recognition Expert,13789.6
Eben,Minchindon,eminchindonbc@clickbank.net,2,Special agent,11081.85
Hinze,Loadman,hloadmanbd@rediff.com,2,Bike patrol,10770.33
Elianora,Mattock,emattockbe@redcross.org,2,Lieutenant,11042.62
Dorisa,Harmes,dharmesbf@abc.net.au,1,SWAT Operator,9392.9
Niall,Mc Elory,nmcelorybg@cpanel.net,1,Victim advocate,9594.19
Reynolds,Benedetti,rbenedettibh@smh.com.au,2,Bike patrol,7002.82
Geoff,O'Shee,gosheebi@admin.ch,1,Lieutenant,12618.48
Karna,Dallicott,kdallicottbj@miibeian.gov.cn,1,Field Training Officer,15445.66
Andrej,Savege,asavegebk@sphinn.com,1,Lieutenant,15869.0
Boycie,Dohmann,bdohmannbl@dmoz.org,1,Air marshal,19019.37
Shepard,Lott,slottbm@cpanel.net,1,Special agent,16218.83
Janith,Sawnwy,jsawnwybn@wunderground.com,2,Undercover Office,18174.15
Gherardo,Linggard,glinggardbo@prweb.com,1,Traffic Police,12492.76
Perrine,Wadhams,pwadhamsbp@shareasale.com,2,Detective,17280.43
Elenore,Domenico,edomenicobq@t.co,2,Undercover Office,19406.01
Rubin,Vinick,rvinickbr@sohu.com,2,Police Officer,12707.98
Albertine,Luigi,aluigibs@dagondesign.com,2,Special agent,16028.28
Klara,Hurlston,khurlstonbt@whitehouse.gov,1,Detective,15759.83
Marybelle,Paddock,mpaddockbu@npr.org,1,Special agent,13069.08
Jessika,Sparham,jsparhambv@ucoz.com,2,Sergeant,13718.24
Karlotte,Gopsill,kgopsillbw@over-blog.com,2,Undercover Office,18673.76
Beryle,Maywood,bmaywoodbx@free.fr,1,Detective,17938.93
Lezley,Readett,lreadettby@nih.gov,1,Detective,15376.1
Cristobal,Catteroll,ccatterollbz@nydailynews.com,1,Narcotics Officer,13378.31
Ariella,Hoofe,ahoofec0@yahoo.com,1,Chief of Police,5387.49
Pooh,Conkling,pconklingc1@symantec.com,1,Jailer,17464.52
Flor,MacNeely,fmacneelyc2@live.com,2,Field Training Officer,19462.13
David,Chaim,dchaimc3@biblegateway.com,2,FBI agent,15810.73
Noami,Cullingworth,ncullingworthc4@soundcloud.com,1,Instructor,13284.47
Daune,Beminster,dbeminsterc5@washingtonpost.com,2,Jailer,14411.53
Milli,Filpi,mfilpic6@sbwire.com,2,Sergeant,19552.27
Bjorn,Godsil,bgodsilc7@4shared.com,1,Bike patrol,15597.07
Norbert,Kinson,nkinsonc8@cyberchimps.com,1,Jailer,9270.89
Fransisco,Biggs,fbiggsc9@sciencedaily.com,2,Narcotics Officer,9906.3
Fulton,Chillistone,fchillistoneca@rambler.ru,1,Air marshal,5332.81
Doroteya,Shera,dsheracb@multiply.com,1,Lieutenant,11874.24
Craggy,Soper,csopercc@msu.edu,1,Sherrif,18508.2
Kara-lynn,Stambridge,kstambridgecd@trellian.com,2,Jailer,9621.2
Christabel,Duffitt,cduffittce@ebay.co.uk,1,Jailer,17878.56
Immanuel,Hurlin,ihurlincf@vk.com,2,Lieutenant,11054.39
Merci,Felton,mfeltoncg@last.fm,1,Jailer,11694.58
Inger,Hogben,ihogbench@mlb.com,1,Lieutenant,9754.22
Melisa,Grizard,mgrizardci@dailymail.co.uk,1,Field Training Officer,10513.27
Pansy,Boxhill,pboxhillcj@dot.gov,2,Sergeant,5009.64
Giacopo,Gainor,ggainorck@sfgate.com,1,Special agent,18225.86
Marchelle,Glowinski,mglowinskicl@bloglovin.com,1,Field Training Officer,9498.66
Ethelda,Shea,esheacm@sciencedirect.com,1,Detective,14434.48
Kenton,Lemonby,klemonbycn@infoseek.co.jp,2,SWAT Operator,12426.7
Justino,Figure,jfigureco@economist.com,2,FBI agent,13601.05
Theda,Connue,tconnuecp@nasa.gov,1,Traffic Police,16911.2
Lindi,Coppens,lcoppenscq@hhs.gov,1,Sherrif,18309.95
Thebault,Ockendon,tockendoncr@yandex.ru,1,Undercover Office,7611.35
Marchelle,Weeds,mweedscs@google.ru,2,Chief of Police,16526.09
Arleen,Kingzeth,akingzethct@un.org,1,Drug Recognition Expert,18254.22
Imojean,Hoyte,ihoytecu@webeden.co.uk,1,Victim advocate,16138.92
Clare,King,ckingcv@ebay.co.uk,1,SWAT Operator,16925.34
Rebeca,Causnett,rcausnettcw@ycombinator.com,1,Drug Recognition Expert,8201.62
Dulciana,Sear,dsearcx@independent.co.uk,1,Special agent,19581.42
Dulciana,Haddleston,dhaddlestoncy@altervista.org,2,Undercover Office,19488.23
Tisha,Rawsthorne,trawsthornecz@twitpic.com,2,Field Training Officer,18429.73
Annabella,Mitchelson,amitchelsond0@ted.com,2,Instructor,12783.69
Micheil,Johnstone,mjohnstoned1@livejournal.com,2,Undercover Office,7166.8
Trip,MacAlpine,tmacalpined2@washingtonpost.com,2,Narcotics Officer,18185.08
Wynnie,Curness,wcurnessd3@dell.com,1,Drug Recognition Expert,5261.91
Ralina,Dudley,rdudleyd4@addthis.com,2,Air marshal,6004.46
Mattias,Assante,massanted5@soundcloud.com,1,Traffic Police,17969.97
Deny,de Voiels,ddevoielsd6@globo.com,2,Sergeant,5951.25
Dyan,Milch,dmilchd7@i2i.jp,2,Sherrif,14904.11
Gill,Pettiward,gpettiwardd8@ovh.net,2,Victim advocate,5821.63
Carrol,Hibbart,chibbartd9@oracle.com,1,Air marshal,7119.46
Phillip,Likly,pliklyda@google.com.au,2,Sherrif,11756.65
Agnesse,Gregoriou,agregorioudb@ow.ly,1,Field Training Officer,11961.9
Erasmus,Piddletown,epiddletowndc@hatena.ne.jp,1,SWAT Operator,15727.65
Arly,Schober,aschoberdd@addthis.com,2,Chief of Police,11868.53
Sonja,Sevin,ssevinde@youtu.be,2,Commander,18858.27
Cinnamon,Senter,csenterdf@census.gov,2,Narcotics Officer,8654.76
Geno,Loveday,glovedaydg@bravesites.com,1,Crime Scene Investigator,12509.27
Stoddard,Durtnall,sdurtnalldh@simplemachines.org,2,Air marshal,7415.38
Cad,Espinas,cespinasdi@mayoclinic.com,1,Undercover Office,13317.6
Graehme,Coveney,gcoveneydj@blinklist.com,1,Sherrif,11527.98
Neddy,Devanney,ndevanneydk@army.mil,2,Sergeant,6531.18
Mikol,Renner,mrennerdl@addthis.com,2,Jailer,14670.84
Genvieve,Sutter,gsutterdm@washingtonpost.com,2,Detective,8343.97
Kellen,Trulocke,ktrulockedn@baidu.com,2,Detective,11077.91
Etti,McEvon,emcevondo@arstechnica.com,2,Victim advocate,7541.15
Alene,Branca,abrancadp@devhub.com,2,Bike patrol,11717.74
Osmund,Skull,oskulldq@amazon.co.uk,2,Special agent,19518.69
Dino,Jzak,djzakdr@goo.gl,1,Undercover Office,11861.61
Muffin,Scini,mscinids@mail.ru,1,Detective,8582.78
Yanaton,Lewerenz,ylewerenzdt@npr.org,1,FBI agent,13590.41
Mattheus,Giacopelo,mgiacopelodu@joomla.org,1,FBI agent,17632.1
Kyrstin,Frizell,kfrizelldv@usatoday.com,1,Lieutenant,10402.55
