Id,FirstName,LastName,DateOfBirth,Gender,PhoneNumber,Address,City,SchoolNumber,Grade,CourseLanguage,Shift,CreatedAt
1,Brenna,Orchart,1/19/2012,2,112-644-8736,6 West Lane,Laraos,33,11,2,2,3/16/2022
2,Cami,Sutherby,12/26/2015,1,549-624-5281,9900 High Crossing Court,Taremskoye,250,4,1,2,12/31/2021
3,Waly,Byforth,7/4/2012,1,791-253-2928,685 6th Trail,Newmarket on Fergus,14,5,3,1,10/30/2021
4,Benedick,Yandle,5/1/2011,2,622-684-5118,4186 Eastlawn Street,Ingarö,164,11,3,1,12/18/2021
5,Katrinka,Khalid,11/20/2010,2,589-956-0454,27 Sommers Center,Himaya,163,5,3,2,5/26/2022
6,Mariya,Manley,11/15/2013,2,682-156-0318,7069 Clyde Gallagher Pass,Göteborg,191,11,1,1,4/23/2022
7,Murial,Grubbe,3/8/2006,2,574-973-0304,6768 Manitowish Terrace,Mirsíni,217,1,2,1,1/31/2022
8,Celine,Turrell,6/21/2016,2,271-665-5832,22 Blackbird Crossing,Kil’mez’,87,8,2,1,10/22/2021
9,Jaine,Lebarree,7/28/2013,1,192-648-1685,189 Westport Alley,Sidzina,87,10,1,2,4/5/2022
10,Cathi,Samarth,8/28/2012,2,199-251-3674,27 High Crossing Park,Dasi,162,8,1,2,6/23/2022
11,Carroll,Swansborough,4/5/2010,1,621-493-7824,69 Manitowish Trail,Chishan,114,9,2,2,1/27/2022
12,Shaw,Longo,2/20/2013,2,208-535-7584,70096 Tennyson Park,Jönköping,172,2,3,1,4/5/2022
13,Sidonnie,Flude,9/16/2014,1,412-922-6591,2 Drewry Circle,Pridonskoy,247,3,1,2,4/23/2022
14,Cristionna,Chislett,2/24/2010,2,837-441-1305,37376 Dottie Center,Gunungtua,125,7,3,1,1/24/2022
15,Gwendolyn,Beeres,8/8/2013,2,711-901-9808,16 Corben Drive,Czechowice-Dziedzice,297,4,2,1,2/19/2022
16,Leland,Mereweather,7/20/2016,2,788-370-7218,9610 Lindbergh Terrace,Pindangan Centro,274,1,3,1,9/22/2022
17,Kirby,Danford,7/21/2016,1,638-285-8971,17 Londonderry Hill,Tavricheskoye,50,9,2,1,9/26/2022
18,Keriann,Gozzett,6/5/2011,1,483-633-8266,9 Scofield Pass,Birzai,58,4,3,2,12/7/2021
19,Anastassia,McCurrie,8/5/2010,1,947-723-6756,89 Petterle Pass,Cadiz,174,4,1,1,8/27/2022
20,Brunhilde,Thornally,3/22/2015,1,501-903-5854,8966 Declaration Terrace,Mueang Nonthaburi,43,1,2,1,1/29/2022
21,Cornelius,Broxholme,12/5/2014,2,141-100-3382,9 Weeping Birch Terrace,Fangqiang,149,2,2,2,5/19/2022
22,Briny,Farquar,1/4/2016,2,367-873-8354,8177 Coleman Point,Lewisporte,236,1,3,2,1/29/2022
23,Gregoire,Rysdale,9/27/2014,2,953-119-6149,0 Mallory Hill,Tawau,114,6,1,2,1/4/2022
24,Stanley,Rudeyeard,7/21/2009,2,258-273-3978,5368 Waywood Center,Karantaba,193,9,3,1,3/13/2022
25,Gaspar,Gosenell,12/8/2012,1,361-321-5878,46 Sunfield Lane,Daba,238,7,2,1,7/1/2022
26,Angelina,Scripps,7/8/2008,2,168-114-7466,7967 Pawling Drive,Shi’an,294,10,2,1,7/21/2022
27,Fransisco,Motto,7/5/2016,1,798-271-7655,02 Namekagon Point,Longshan,163,10,1,1,1/1/2022
28,Oralla,Cowl,3/18/2007,1,847-365-4299,291 Rigney Road,Ngulahan,238,4,2,2,4/22/2022
29,Rooney,Brett,8/31/2011,1,468-536-0826,95 Meadow Ridge Junction,San Roque,81,9,2,1,1/26/2022
30,Valentino,Lutman,3/29/2016,1,153-797-5393,6402 Mitchell Hill,Mātli,183,9,2,1,12/2/2021
31,Eddi,Hadlow,10/4/2015,2,345-470-3264,8735 Quincy Center,Yingchuan,63,3,2,1,6/7/2022
32,Schuyler,Burnhill,8/13/2014,2,540-200-8202,14220 Dahle Plaza,Dongli,260,4,1,1,11/11/2021
33,Johanna,Reedie,5/1/2016,1,444-200-5590,0 New Castle Alley,Mūsá Qal‘ah,49,4,2,2,4/17/2022
34,Ernesto,Hirschmann,5/18/2009,2,889-451-8336,983 Butternut Terrace,Wilkowice,204,7,2,1,4/15/2022
35,Brewster,Gusney,11/20/2007,2,367-847-7730,003 Mayfield Court,Nagato,276,6,1,2,4/19/2022
36,Mia,Coughlan,9/20/2014,1,985-479-9536,5 Bobwhite Park,San Miguel,110,2,1,2,12/9/2021
37,Reginauld,Sanson,2/17/2009,1,611-974-6747,198 Little Fleur Parkway,Kut Rang,175,9,1,1,7/24/2022
38,Worden,Handes,6/2/2016,2,655-609-0697,114 Melby Trail,El Charco,192,5,1,2,7/8/2022
39,Arlette,Josh,2/10/2014,1,939-331-8271,475 Gina Terrace,Nàng Mau,278,3,1,1,5/11/2022
40,Brande,Weson,11/8/2011,1,955-281-8791,2197 Hoard Place,Makrýgialos,128,4,2,2,8/5/2022
41,Valerye,Bricksey,8/28/2013,2,366-635-9672,1 Pepper Wood Court,Kozel’shchyna,14,3,1,2,9/6/2022
42,Kirstyn,Badcock,9/18/2016,2,203-907-6320,1330 Red Cloud Plaza,Huilong,300,9,2,1,11/24/2021
43,Raffarty,Pechard,12/28/2009,1,504-257-4310,87814 Dennis Court,Rivière-du-Loup,173,1,3,2,1/27/2022
44,Celinka,Fennelow,6/15/2009,1,234-875-6782,77826 Dakota Court,Curibaya,161,4,2,2,9/24/2022
45,Joannes,Oakland,11/1/2008,1,452-752-6231,4528 Holmberg Court,Non Suwan,210,5,2,2,7/27/2022
46,Yanaton,Hurche,3/7/2008,2,767-957-8591,735 Clemons Plaza,Welibo,224,11,1,2,6/6/2022
47,Wynn,Yakobovicz,4/8/2015,1,236-106-4668,55 Fremont Way,Västerås,76,5,1,1,8/3/2022
48,Nonna,Monaghan,6/16/2015,1,784-189-9091,9 Cody Terrace,Świebodzice,66,5,1,1,7/9/2022
49,Quinlan,Krolak,4/26/2012,2,682-411-1581,31 Novick Alley,Grazhdanskoye,133,6,2,2,2/12/2022
50,Kinny,Blesli,5/17/2009,1,783-850-0880,185 Merry Way,Sanyang,188,8,1,2,9/17/2022
51,Welby,McCrillis,7/28/2006,2,755-966-3271,29767 Scofield Circle,Erenhot,130,4,2,1,5/27/2022
52,Giraud,Tyler,2/13/2007,2,669-827-9801,79 Butternut Plaza,Tiên Lãng,36,1,1,2,6/10/2022
53,Delphine,Grassett,2/16/2014,2,476-651-6526,0548 Mallory Hill,Saint David’s,80,10,3,1,1/4/2022
54,Raffaello,Merwe,2/8/2013,2,158-964-4972,304 Johnson Place,Delft,241,10,2,1,6/28/2022
55,Humfrid,Sigsworth,2/9/2006,2,224-495-8421,45286 Dwight Alley,Fátima,243,1,1,1,12/30/2021
56,Asia,Martini,11/12/2011,2,112-130-0889,694 Manley Crossing,Trąbki Wielkie,272,7,3,2,11/25/2021
57,Rinaldo,Addy,6/23/2016,1,830-171-5928,0146 Chive Drive,Saḩab,240,7,2,1,11/25/2021
58,Bertram,Sellwood,10/29/2008,2,723-771-3293,9939 Northridge Pass,San Felipe Old,155,2,1,2,6/5/2022
59,Pacorro,Mauditt,2/8/2006,2,558-845-8532,10732 Bobwhite Way,Adar,7,6,1,2,5/21/2022
60,Randy,Richardin,4/30/2008,2,400-415-7709,0 Loeprich Hill,Boisbriand,42,6,2,1,12/21/2021
61,Estrella,Attewill,9/3/2013,1,999-651-4255,714 Blue Bill Park Street,Sarrat,253,2,1,2,10/4/2022
62,Bathsheba,Willgoss,3/16/2007,1,644-910-8035,44 Forster Court,Machov,182,2,2,1,12/11/2021
63,Wendall,Brislan,10/18/2015,1,935-161-5537,48 Cascade Court,Mloko,15,7,3,2,2/26/2022
64,Maureene,McLennan,3/31/2012,2,790-118-9002,796 Eastwood Crossing,Goiatuba,210,4,2,1,8/14/2022
65,Goddard,Pomphrey,5/21/2010,1,856-802-9212,1959 Paget Pass,Shezë,184,11,1,1,8/3/2022
66,Brod,Necolds,5/10/2012,1,926-757-0596,30 Maple Wood Place,Ghayl Bā Wazīr,166,10,1,1,9/20/2022
67,Nobie,Trays,10/14/2005,1,497-808-6731,6224 Village Center,Jinrongjie,210,8,1,1,1/10/2022
68,Brand,Joost,12/19/2012,1,443-155-2681,66296 Loomis Court,Pandakan,244,8,2,2,6/5/2022
69,Galvan,Give,10/6/2015,1,776-669-0878,0439 Washington Lane,Barinitas,85,6,1,2,6/15/2022
70,Izabel,Kilpin,5/1/2013,2,952-654-0574,84 Center Center,Guangfu,61,11,3,2,3/7/2022
71,Cassandre,Bernardet,10/1/2013,2,980-308-8614,77333 High Crossing Way,Mainri,91,5,2,1,11/10/2021
72,Chicky,Magenny,3/7/2007,2,995-157-3919,0 Walton Way,Gaojia,298,7,2,2,10/14/2021
73,Edwina,Gallear,2/28/2016,1,408-541-6500,41 Maryland Road,Los Angeles,117,5,1,1,7/30/2022
74,Martin,Rulf,12/28/2015,2,708-293-9933,37988 Lukken Crossing,Cortinhas,224,4,2,2,3/14/2022
75,Jannelle,Goede,4/15/2016,2,953-755-7195,4572 Cambridge Place,Lijiazui,2,1,3,2,9/7/2022
76,Don,Duncklee,2/7/2006,2,396-824-2233,28371 Ridgeview Plaza,Atescatempa,49,4,3,2,5/28/2022
77,Libbie,Omond,3/18/2016,2,736-697-8627,2 Coolidge Way,Pamakayo,60,9,1,1,1/31/2022
78,Ezechiel,Stainbridge,4/7/2013,1,335-179-8369,63066 Bartillon Junction,Williston,142,7,1,2,9/15/2022
79,Mylo,Hebden,11/1/2015,2,619-428-2051,26 Debs Street,Zhongwei,96,6,3,1,4/4/2022
80,Bronny,Lansly,11/17/2013,1,630-922-8999,6570 Maple Wood Road,Suure-Jaani,148,1,3,1,7/18/2022
81,Orelle,McCray,2/7/2011,1,729-112-9674,2934 Heath Circle,Huayana,143,9,1,1,3/30/2022
82,Sammy,Ruppelin,9/24/2008,2,300-469-6178,70 John Wall Way,Funga,11,8,2,2,8/20/2022
83,Dyane,Gilsthorpe,2/6/2010,2,111-241-0589,3768 Village Parkway,Duki,193,6,3,1,8/12/2022
84,Gerry,Warbey,9/20/2013,1,725-287-3716,5968 Dottie Drive,Barreiro,176,1,3,1,11/12/2021
85,Tim,Hasney,2/8/2007,1,151-196-7207,4748 Duke Park,São Sebastião do Caí,185,8,3,2,9/22/2022
86,Corbie,Klewer,11/1/2011,2,495-922-8552,8030 Sachs Center,Anding,90,1,3,1,6/23/2022
87,Scot,Insley,9/15/2011,1,832-293-9759,420 Cody Crossing,Chengyang,147,7,1,2,5/13/2022
88,Ashley,Janowski,1/12/2015,2,322-367-2044,762 Fallview Trail,Yerazgavors,73,10,2,1,12/1/2021
89,Cammie,Andrzejewski,7/4/2007,2,391-312-4894,51895 Independence Circle,Nieuwegein,276,8,1,1,7/12/2022
90,Raynard,Cullon,3/7/2007,2,692-154-1079,8 Meadow Ridge Pass,Fatikchari,105,1,3,2,11/4/2021
91,Caesar,Giorgielli,12/16/2010,1,284-341-6051,2 Pepper Wood Terrace,Staronizhestebliyevskaya,241,9,1,1,9/21/2022
92,Edee,Brave,10/16/2013,1,390-452-8102,679 Burning Wood Trail,Curug,120,5,3,2,8/17/2022
93,Alli,Bloschke,4/26/2007,2,285-527-6233,207 Schmedeman Lane,Qianqiao,268,7,1,2,11/21/2021
94,Timmie,Grisenthwaite,2/18/2013,1,346-411-5511,1088 4th Court,Heshe,152,8,2,1,10/12/2022
95,Kipp,Corss,11/8/2014,1,420-686-3378,353 Dawn Alley,Xinglong,170,4,3,1,1/27/2022
96,Bidget,Curthoys,4/5/2012,1,411-672-0764,2 Twin Pines Drive,Daxing,282,4,2,1,9/18/2022
97,Cassie,Blois,12/20/2006,1,624-632-7688,863 Truax Pass,Ḩalwān,241,10,3,1,11/15/2021
98,Trever,Grunwald,7/5/2007,1,279-371-8857,14313 Coolidge Way,Lingcheng,280,11,3,1,9/14/2022
99,Libby,Davidove,4/29/2006,2,646-164-1599,313 Waywood Parkway,Raduzhnyy,248,1,1,1,10/15/2021
100,Ben,Baty,2/15/2012,2,100-328-3158,5429 Valley Edge Terrace,Čáslav,272,11,2,1,3/31/2022
101,Michele,Smale,5/15/2007,2,967-396-0890,2179 Caliangt Plaza,Bandar-e Māhshahr,145,10,2,1,2/18/2022
102,Emma,Jaye,2/15/2011,1,610-284-3480,5 Namekagon Park,Kalix,101,9,2,1,4/23/2022
103,Lise,Swanne,11/5/2009,2,545-285-5251,60 Melby Parkway,Pisaras,56,4,3,1,10/16/2021
104,Jessa,McCarle,11/1/2008,2,576-760-0304,0 Lunder Road,Kista,227,4,1,2,11/1/2021
105,Frazer,Doward,12/14/2009,2,755-746-2914,3 1st Point,Banjar Banyualit,252,7,2,1,8/16/2022
106,Rubie,Bryning,8/28/2014,2,812-130-2414,5586 Elgar Circle,Bali,128,7,2,2,7/27/2022
107,Casie,Brunetti,11/1/2013,1,171-935-9135,207 Mayfield Court,Jiulongshan,183,4,2,2,11/26/2021
108,Jennifer,McAlarney,3/22/2012,2,203-192-7421,27 Birchwood Pass,Vlachovice,237,2,3,1,12/30/2021
109,Cesar,Lummis,12/4/2014,1,742-372-0885,92198 Chive Plaza,Guayaquil,57,7,2,1,3/5/2022
110,Antonietta,Bagge,9/1/2007,1,695-714-7573,2067 Grover Avenue,Oepuah,207,8,2,1,12/10/2021
111,Rubia,MacGaughie,11/5/2010,2,955-524-6430,632 Superior Court,Sopla,168,9,2,1,11/7/2021
112,Lulu,Welland,8/27/2010,1,468-991-4058,9 Sutherland Center,Ringinrejo,51,6,1,1,8/9/2022
113,Guthrey,Baily,4/19/2013,1,410-492-1769,384 High Crossing Circle,Bílina Kyselka,290,8,2,1,1/8/2022
114,Alan,Sommerlin,2/8/2008,1,914-969-9492,64550 Lakewood Alley,Bouzov,256,2,2,1,12/7/2021
115,Phoebe,Sibyllina,6/14/2016,2,877-315-3449,8 Nevada Lane,Urek-urek,288,4,1,1,1/29/2022
116,Salem,Garthshore,8/17/2011,1,791-315-8852,97 Quincy Trail,Xintang,126,11,2,1,1/15/2022
117,Jone,Howlett,7/13/2008,1,581-653-4969,7 Burning Wood Junction,Luzhang,182,9,3,2,4/13/2022
118,Nike,Lamba,2/16/2012,1,429-597-1008,5 Larry Parkway,Gandara,219,1,1,2,2/6/2022
119,Ranique,Eyles,4/19/2006,1,568-410-8436,845 Fallview Lane,Wuxi,143,7,3,2,3/29/2022
120,Benedetta,Lathy,10/11/2015,1,140-421-4308,450 Iowa Circle,Urrô,161,3,3,1,4/1/2022
121,Mohandis,Tams,8/13/2015,2,141-382-7234,266 Shopko Court,Guisa,202,6,3,2,1/18/2022
122,Tabby,Giorgio,6/3/2016,1,196-477-7081,8949 Prairie Rose Trail,Mutang,89,6,1,1,6/5/2022
123,Freddi,Wolfenden,1/9/2008,1,780-326-6165,8 Dwight Trail,Alagoinhas,256,9,2,2,1/4/2022
124,Solomon,Beaze,12/7/2011,1,770-723-9766,39720 Stone Corner Crossing,Barrosas,114,1,2,1,11/7/2021
125,Bebe,MacDuffie,7/5/2007,2,261-505-5901,37083 Hanover Pass,Funes,286,6,1,2,4/13/2022
126,Othilie,Besantie,1/31/2011,2,580-683-8155,72133 Barby Hill,Frei Paulo,103,2,2,1,10/25/2021
127,Lil,Dalziell,6/15/2006,2,329-586-5514,56861 Ridge Oak Way,Ilioúpoli,263,6,1,1,3/29/2022
128,Carlie,Edwards,8/14/2013,1,897-422-7535,00 Judy Pass,Lisovi Sorochyntsi,213,1,1,2,8/14/2022
129,Cornie,Kulic,1/16/2012,2,598-278-7865,54583 Maryland Court,Yokkaichi,202,4,2,2,2/13/2022
130,Estel,Meecher,6/30/2010,2,289-393-3070,3335 Jana Way,Bentengjawa,206,2,1,2,12/30/2021
131,Yolanda,Brahan,4/2/2015,2,159-781-6839,96 Waubesa Crossing,Nanling,262,4,1,2,2/5/2022
132,Sayres,Ride,9/17/2010,2,571-150-8899,68280 Schlimgen Terrace,Huangzhawan,175,4,2,1,1/13/2022
133,Laney,Spyvye,10/6/2013,1,100-664-8667,473 Northland Hill,Lâm Thao,235,4,1,1,7/1/2022
134,Andriana,Dunbar,6/30/2009,1,358-435-4183,23 Carpenter Hill,Kuantan,168,5,1,1,8/10/2022
135,Jeanne,Reddle,9/2/2009,1,666-980-7552,00689 Barnett Alley,Beskolen,100,7,1,2,10/7/2022
136,Shina,Derham,2/28/2006,2,522-853-5844,5958 Mockingbird Circle,Fantino,22,10,3,2,8/6/2022
137,Katrina,Simcox,8/6/2007,2,613-318-3161,30790 Clarendon Hill,Dagestanskiye Ogni,42,6,2,2,6/27/2022
138,Paquito,Houlson,2/22/2014,2,445-450-1791,84681 Hagan Junction,Hepang,249,2,3,1,12/23/2021
139,Brion,Methley,9/24/2016,1,679-385-6465,53 Jenna Hill,Belmopan,183,4,1,2,8/5/2022
140,Evvy,Pusill,5/23/2008,1,992-449-8006,3 Mcguire Pass,Gaurnadi,228,6,1,1,6/17/2022
141,Hedvig,Bebbington,1/23/2015,1,470-459-5621,024 Cascade Circle,Songgang,27,7,3,1,6/11/2022
142,Garfield,Beeswing,6/18/2014,2,321-578-3483,004 Park Meadow Circle,Zama,225,2,3,1,3/13/2022
143,Cullin,Struys,2/19/2009,1,785-909-0381,7 Crownhardt Alley,Cô Tô,166,11,1,2,1/1/2022
144,Francesca,Jacques,10/14/2014,1,547-643-6810,1518 Almo Hill,Puteran Kidul,54,4,2,1,3/18/2022
145,Sapphire,Antat,9/30/2013,1,947-575-9564,504 Southridge Road,Xiji,120,3,3,2,8/17/2022
146,Izaak,Virgoe,11/26/2012,1,612-458-4404,82820 Buhler Center,Kasamwa,88,6,3,1,4/28/2022
147,Indira,Skoggings,8/12/2007,1,584-926-3330,4 Center Point,Soledad,13,10,3,1,9/9/2022
148,Emanuele,Daugherty,3/11/2011,2,222-868-5084,8195 Arkansas Pass,Siraway,15,6,3,1,9/22/2022
149,Anabel,Battman,9/10/2009,2,330-439-8026,7 Towne Lane,Tigbinan,269,5,2,2,11/29/2021
150,Drusy,Dodshon,3/17/2013,2,529-688-2952,72056 Sunfield Place,Verin Artashat,295,11,3,2,4/13/2022
151,Gates,Vasse,3/10/2010,1,211-278-3429,2534 Northfield Lane,Olho Marinho,68,10,2,1,12/20/2021
152,Licha,Cleugher,10/5/2010,1,873-123-0194,36 Almo Point,Sukorejo,283,5,3,1,7/27/2022
153,Ddene,Muzzillo,12/17/2009,2,420-721-1275,40 Basil Hill,Yaguachi Nuevo,230,8,2,1,9/10/2022
154,Eloisa,Carlino,3/19/2016,1,318-367-7417,7568 Texas Place,Pagedangan,2,4,1,1,11/30/2021
155,Gusty,Lettice,5/31/2006,2,282-674-6630,922 Little Fleur Alley,Guaíba,58,6,1,1,1/10/2022
156,Julissa,Pardy,1/30/2012,2,447-330-8620,43648 Eastwood Point,Chengji,238,3,3,1,9/18/2022
157,Jemimah,Goodin,10/3/2006,2,397-950-4702,40 Lakewood Park,Gostyń,140,11,2,2,10/29/2021
158,Marline,Farland,12/14/2011,1,687-394-3162,71 West Road,Rusnė,144,2,1,1,10/27/2021
159,Ellen,Todarini,12/28/2013,1,767-706-2334,09581 Thackeray Pass,Chengguan,179,3,1,1,7/24/2022
160,Mariann,Woollons,9/4/2016,1,993-480-2396,86 Independence Crossing,Mundão,203,9,2,1,5/11/2022
161,Johann,Chapelle,4/15/2014,2,611-369-7433,8 Riverside Hill,Chengxi,167,6,2,1,7/26/2022
162,Farica,Bourdice,10/31/2014,1,236-332-2618,7163 Roxbury Crossing,Zhaobaoshan,280,6,1,1,7/5/2022
163,Lars,Lounds,9/29/2006,2,741-211-0345,409 Bay Park,Harderwijk,204,8,2,1,8/18/2022
164,Care,Grabert,6/2/2008,1,377-502-7005,1716 Rockefeller Circle,Meneou,4,8,2,2,6/19/2022
165,Sumner,Govier,5/23/2011,2,740-149-2690,2 Mallory Street,Ngoc Hon Doc,80,3,1,1,11/25/2021
166,Claudell,Yukhtin,3/20/2012,1,392-640-1286,826 Vidon Park,San Antonio,216,1,2,2,4/17/2022
167,Beck,Stanislaw,11/9/2006,1,928-840-6988,778 Crowley Hill,Ullulluco,148,3,1,1,4/22/2022
168,Amelia,Goodnow,8/2/2016,2,785-529-0432,302 Transport Avenue,Jednorożec,298,7,1,1,11/8/2021
169,Celestyn,Hehir,4/7/2009,1,285-802-1050,162 American Ash Trail,San Diego,275,4,2,1,5/27/2022
170,Ricki,Lanfere,3/5/2007,2,904-224-4570,1 Mcbride Park,Viçosa,19,9,2,1,2/16/2022
171,Lishe,Westhoff,5/3/2015,1,243-887-5675,92 Del Sol Parkway,Grenoble,25,5,2,1,6/8/2022
172,Myrtice,Shire,7/7/2008,2,941-614-6490,52 Weeping Birch Street,Włoszczowa,243,8,1,1,6/14/2022
173,Dacey,Boase,8/19/2015,1,704-271-2862,76 Redwing Lane,Charlotte,293,10,3,2,4/28/2022
174,Corrinne,Tittletross,8/13/2016,2,821-977-6909,9 East Avenue,Araraquara,217,4,1,1,7/3/2022
175,Arlyne,Howard - Gater,10/16/2007,2,498-331-6201,3 Stephen Circle,Ankazobe,139,7,3,1,12/22/2021
176,Dione,Tomini,10/15/2011,2,738-869-6249,3 Union Place,Tucupita,286,5,3,1,12/27/2021
177,Ulrich,MacCarter,6/23/2010,1,311-289-4914,1113 Bellgrove Point,Monte Agudo,279,8,1,2,11/18/2021
178,Calypso,Lasseter,4/25/2012,1,927-225-3350,6 Evergreen Road,Lindavista,147,10,2,1,4/13/2022
179,Lorine,Cozzi,7/6/2015,1,269-273-7752,04 Golf Parkway,Kuragaki-kosugi,273,7,3,2,11/16/2021
180,Linda,Morse,3/7/2008,1,815-184-8532,927 Cambridge Terrace,Hutang,73,2,3,2,9/9/2022
181,Alameda,Endean,12/15/2005,1,525-325-7451,324 Darwin Park,Shaliangzi,121,5,1,2,12/31/2021
182,Betteann,Ritmeyer,2/26/2010,2,516-619-1569,4 Truax Plaza,Port Washington,184,5,2,1,8/21/2022
183,Irina,Congram,2/10/2006,2,266-943-3313,60638 Fuller Parkway,Pando,288,11,3,1,2/5/2022
184,Chevalier,Minchin,2/13/2015,1,692-652-8514,173 Garrison Junction,Lukou,114,11,2,1,11/6/2021
185,Justen,Crossfeld,3/10/2016,2,959-437-6374,4 Bobwhite Parkway,Dardhas,291,1,3,1,4/5/2022
186,Bessy,Chopy,10/5/2013,2,409-344-9948,4776 Anniversary Plaza,Batugede Kulon,160,10,3,1,12/6/2021
187,Giovanni,Gerry,4/28/2006,1,352-797-7739,8 American Point,Xiaoshun,291,11,2,1,12/25/2021
188,Xerxes,Fick,12/20/2010,1,480-157-3954,2 Namekagon Pass,Rudnya,93,10,1,1,7/21/2022
189,Lucille,Moralee,2/10/2015,1,403-407-3066,40757 Eagle Crest Terrace,Helmas,194,5,2,2,5/5/2022
190,Jandy,Wash,12/7/2006,1,395-501-4031,47 Morning Circle,Duobagou,262,4,3,2,8/21/2022
191,Rebekah,Axby,3/8/2016,2,413-757-7212,373 Nancy Drive,Vacha,127,7,3,2,9/12/2022
192,Koenraad,Wevell,7/24/2014,2,114-111-3931,6 Arrowood Park,Szprotawa,33,3,2,2,5/20/2022
193,Mildrid,Embleton,3/30/2009,2,453-669-9276,4 2nd Lane,Purwasari,285,6,2,1,1/28/2022
194,Dodi,Brashier,7/4/2011,2,751-988-3563,201 Vera Point,Dankunku,87,7,2,2,12/1/2021
195,Marmaduke,Clementson,6/23/2006,1,839-781-4376,8 Hooker Way,Piketberg,197,6,2,1,5/7/2022
196,Malanie,O' Mahony,11/10/2009,2,587-886-8315,4248 Marquette Court,Nevers,9,6,3,1,1/18/2022
197,Dottie,Virgin,7/7/2013,1,749-169-5204,3707 Hintze Hill,Pubal,62,1,3,2,5/30/2022
198,Gloriane,Death,6/18/2015,2,249-576-1145,8 Russell Center,Luleå,251,8,1,1,12/2/2021
199,Harmony,Nutbean,8/16/2009,2,219-725-1249,7 Mesta Circle,Hongshi,59,7,2,2,1/21/2022
200,Cort,Sawtell,7/19/2016,2,124-729-0190,47556 Sullivan Terrace,Bol’shoye Skuratovo,169,5,1,2,9/4/2022
201,Winn,Yearns,7/27/2016,1,166-142-7915,95 Farwell Lane,Dushanbe,175,11,1,1,5/7/2022
202,Humfrey,Markwick,1/18/2007,2,777-546-9733,47460 Meadow Ridge Way,San Miguel del Padrón,28,5,1,2,12/27/2021
203,Rockie,Buckner,5/25/2007,1,498-266-6667,75591 Eagle Crest Park,Currais,48,8,1,2,8/18/2022
204,Lise,Bandey,5/4/2006,2,146-342-7577,2 Lindbergh Center,Asbestos,207,3,2,2,2/3/2022
205,Ysabel,Stuther,6/15/2006,1,699-343-5068,02819 Eagle Crest Court,Curibaya,35,11,3,1,12/10/2021
206,Dionisio,Playden,6/23/2012,2,937-912-9742,5102 Briar Crest Street,Chifeng,282,11,2,1,5/25/2022
207,Berne,Blanchet,6/14/2006,2,801-406-0128,99428 Ridge Oak Pass,Hanji,84,10,3,2,6/10/2022
208,Tabitha,Antoniewicz,12/30/2005,1,576-832-3950,4 Cottonwood Park,Krajan Pundungsari,155,5,2,2,11/6/2021
209,Reynolds,Founds,12/4/2005,2,280-766-8089,37 Troy Street,Mutangyuan,282,1,2,1,3/6/2022
210,Cathi,O'Kennavain,6/16/2015,2,628-386-1029,08 Packers Hill,Dresden,167,8,2,2,1/22/2022
211,Audre,Fripps,6/18/2009,1,922-926-9169,7 Carioca Circle,Summerside,230,1,2,2,6/4/2022
212,Ashlee,Santos,8/13/2009,2,260-304-1295,3 Hoard Point,Las Carreras,250,1,3,1,5/9/2022
213,Dulcia,MacGauhy,1/12/2016,1,817-792-9271,7379 Rowland Hill,Grenoble,143,9,1,1,7/4/2022
214,Duke,Mingus,7/17/2007,2,806-987-1767,84 Loftsgordon Plaza,Skwierzyna,115,7,2,2,7/12/2022
215,Ashlin,Duffill,5/10/2008,1,771-907-3972,0182 Springs Trail,Tendō,250,9,2,1,2/19/2022
216,Rubi,D'Emanuele,10/26/2015,2,736-366-1799,04448 La Follette Drive,Cajabamba,208,3,2,2,12/9/2021
217,Lefty,Robertz,6/12/2006,1,439-617-7007,32716 Esch Junction,Tsuen Wan,272,1,3,2,9/20/2022
218,Nicol,Beldan,3/19/2007,1,847-862-4212,49177 Del Mar Place,Erdaocha,82,7,3,1,5/18/2022
219,Daveen,Coatsworth,6/26/2008,2,848-478-3067,9 Pierstorff Court,Tsimlyansk,29,4,3,2,4/10/2022
220,Madeline,Mancer,8/20/2016,2,957-902-6235,9111 Hansons Trail,Welkom,86,6,1,2,4/10/2022
221,Anallise,Mendez,1/2/2010,1,643-182-9019,3732 Sherman Point,Nunleu,227,11,2,2,7/11/2022
222,Dennison,Brumbie,12/13/2008,2,668-276-3899,447 Tomscot Trail,Jiexiu,132,3,3,2,7/4/2022
223,Coral,Shama,1/19/2010,1,845-592-3394,0132 Hanover Drive,Ganhe,142,5,3,1,7/29/2022
224,Celka,Dugall,1/27/2008,2,483-930-3753,9 Moulton Lane,Aix-les-Bains,188,7,2,2,3/13/2022
225,Gawen,Kellington,8/22/2015,2,836-740-3518,80 Clyde Gallagher Pass,Shiziqiao,212,11,2,1,3/1/2022
226,Bernette,Merrison,11/21/2008,2,451-714-5654,82537 East Road,Paninggaran,115,6,1,1,11/6/2021
227,Rey,Kynforth,7/17/2014,1,744-998-8622,25084 Marquette Point,Úštěk,217,10,2,2,7/27/2022
228,Doti,McIver,7/7/2013,2,590-421-7329,6 Comanche Crossing,Zhongling,267,8,1,2,5/14/2022
229,Nico,Omand,7/10/2008,1,735-696-9452,2 Mosinee Plaza,Al Muharraq,197,1,2,1,6/28/2022
230,Sargent,Hellsdon,11/13/2012,2,840-724-2060,0 Bluestem Alley,Emiliano Zapata,218,8,1,2,5/11/2022
231,Hildegaard,Illiston,2/6/2008,2,891-742-1531,12019 Gulseth Circle,Jampang Kulon,147,5,1,1,7/1/2022
232,Amble,Housin,8/22/2012,2,675-515-1101,53670 Sycamore Center,Staraya Mayna,69,4,1,2,12/1/2021
233,Petronia,Pegden,8/19/2010,1,559-568-7446,68 Sycamore Parkway,Xuwei,212,4,1,1,7/8/2022
234,Zacharias,Hallede,7/4/2006,2,716-344-3923,918 Hudson Pass,Licheng,170,8,2,1,8/25/2022
235,Hurlee,Nunnery,9/22/2013,2,772-720-3614,10285 Maywood Alley,Dzüünharaa,31,5,2,1,6/22/2022
236,Waylon,Fritchley,12/2/2013,1,508-995-5297,43901 Briar Crest Circle,Golcowa,29,4,2,1,4/7/2022
237,Honey,Plaster,8/23/2016,1,752-103-8351,28 Stoughton Center,Sagud-Bahley,118,4,1,1,8/30/2022
238,Bidget,Bleddon,1/15/2012,1,690-141-6940,2993 Sage Park,Gourma Rharous,242,11,2,2,5/12/2022
239,Cristie,Yashnov,2/22/2012,1,368-933-0505,18 Esch Point,Yanmen,198,10,1,2,4/13/2022
240,Ruby,MacMeeking,5/10/2007,2,155-826-3208,0579 Prentice Hill,Malawag,158,5,1,2,5/31/2022
241,Cos,Jeacocke,12/10/2005,2,167-353-1471,56737 Miller Alley,Portela,24,7,2,2,12/25/2021
242,Maitilde,Ben,12/26/2010,1,886-694-5845,112 Bobwhite Place,Gujiadian,62,5,2,2,6/22/2022
243,Celestine,Coope,12/6/2009,2,731-898-6617,8695 Mitchell Hill,Chatuchak,77,8,3,1,1/30/2022
244,Bridgette,Farress,5/30/2014,2,919-818-5478,00 Cardinal Trail,Kwikila,278,2,2,1,1/30/2022
245,Allie,Sandwich,10/17/2006,1,126-177-5463,416 Cottonwood Terrace,Polo,96,10,1,2,9/6/2022
246,Mitch,Boyat,8/22/2013,2,812-654-2379,6 Hudson Terrace,Barra do Bugres,170,7,1,2,6/29/2022
247,Vin,Breens,5/9/2006,2,558-645-7834,41 Grayhawk Crossing,Soho,72,5,1,2,3/28/2022
248,Kayley,Rutgers,2/19/2012,1,310-262-1194,50 Cordelia Point,Paris 16,187,6,3,1,4/12/2022
249,Prudy,Benedick,5/2/2016,1,927-264-7216,60121 Northview Lane,Bunigeulis,44,5,2,2,5/30/2022
250,Sisely,Phripp,12/15/2005,1,811-975-0270,27 Carey Terrace,Marina,79,11,1,2,6/1/2022
251,Merralee,O'Dogherty,5/29/2008,2,394-626-2428,20717 Morrow Drive,Deskle,86,6,1,2,5/14/2022
252,Alic,Biggam,6/18/2007,2,496-169-1917,229 Granby Center,La Laja,132,8,1,1,7/24/2022
253,Wilmar,Domerque,8/15/2010,2,408-336-1902,5733 Ridgeway Circle,Sundsvall,280,11,2,2,5/3/2022
254,Far,Ivanyushkin,7/25/2016,2,765-736-0120,69214 Cody Center,Tabwakea Village,34,5,1,1,7/13/2022
255,Harli,Ottosen,5/9/2014,2,683-114-8836,2 Stone Corner Junction,Koatas Lao,145,8,2,2,1/4/2022
256,Tomaso,Phettiplace,3/30/2009,1,773-420-9248,243 Maywood Place,Bethel Town,128,9,3,1,6/1/2022
257,Benedicto,Westbury,10/31/2014,2,635-294-3081,9 Redwing Terrace,Npongge,59,1,3,1,9/5/2022
258,Alejoa,Bras,4/27/2012,2,188-234-4520,30914 Artisan Hill,Škofljica,22,9,2,2,2/19/2022
259,Kayla,Gallety,1/2/2006,1,298-467-3121,349 Bonner Road,Eira da Pedra,282,4,2,2,9/24/2022
260,Urban,Haddinton,11/19/2013,1,783-452-0794,6413 Arrowood Lane,Jabon,2,7,1,1,4/9/2022
261,Normy,Wennam,8/23/2016,2,320-885-6385,6 Harper Road,Al Mushannaf,180,1,2,2,4/6/2022
262,Chickie,Bedburrow,10/18/2005,1,147-998-4791,1 Dunning Court,Dawuhanmangli,102,10,1,2,7/24/2022
263,Camella,Ritchley,3/21/2009,1,912-797-3768,01483 Twin Pines Alley,Paizhou,62,11,1,1,6/2/2022
264,Dona,Waddington,6/9/2010,2,870-637-5516,60867 Northland Plaza,Ouricuri,194,11,2,2,10/31/2021
265,Manuel,Lonergan,5/13/2008,1,970-543-8702,18 Sommers Trail,Krajan Kulon,117,6,2,2,3/9/2022
266,Ulrich,Clacson,9/21/2007,2,232-583-7336,06 Eliot Avenue,Sokoto,287,10,2,1,11/12/2021
267,Etan,Snedden,2/14/2012,1,723-127-8716,7 Larry Alley,Gävle,127,3,1,1,6/7/2022
268,Diannne,Heatherington,5/24/2010,1,918-522-8859,6064 Straubel Pass,Sil-li,268,2,1,1,6/10/2022
269,Whit,Shimuk,9/12/2012,2,261-952-4430,3296 Norway Maple Lane,Makuyuni,191,3,1,1,11/30/2021
270,Tristan,Galley,4/3/2015,1,810-236-7556,6 Judy Lane,Thị Trấn Mộc Châu,233,8,3,1,4/20/2022
271,Zolly,Rutherforth,7/29/2016,2,413-617-4843,3 Riverside Point,Novyy Oskol,2,2,1,2,3/12/2022
272,Molly,Bidgood,9/3/2006,2,918-677-2632,0 Maywood Circle,Tulsa,292,8,3,1,6/3/2022
273,Burnard,Ramsay,9/3/2014,2,664-884-9261,596 Ramsey Parkway,Wolowona,28,6,1,2,4/16/2022
274,Boothe,Gerbl,1/11/2006,1,352-790-5871,6824 Pleasure Hill,Da-an Sur,26,9,2,2,10/14/2021
275,Lenore,Spare,6/27/2016,1,366-833-9084,4490 Washington Plaza,Ndungu,134,4,1,1,6/25/2022
276,Jemimah,Marvin,7/12/2009,1,691-955-0078,691 Stuart Court,Provatás,224,6,3,2,1/17/2022
277,Shandra,Clague,9/17/2006,2,647-153-5816,6589 Laurel Place,Changshan,108,9,2,1,9/5/2022
278,Nicola,Larratt,10/20/2010,2,717-187-1027,181 Mesta Pass,Meiyao,2,3,2,2,1/7/2022
279,Dahlia,Shorie,3/29/2006,2,115-314-6089,79 Cherokee Park,Perpignan,49,6,2,1,5/4/2022
280,Gerianne,Sudron,10/15/2010,1,829-134-3445,42801 Arizona Road,Huangyan,85,1,2,2,10/7/2022
281,Carmencita,Egell,1/18/2012,2,655-666-2600,24532 Ridgeway Junction,San Pedro de Atacama,295,10,3,1,4/10/2022
282,Tallie,Gierek,8/15/2007,2,800-675-0012,643 Lerdahl Center,Dayong,208,5,1,1,5/8/2022
283,Pearla,Gentle,10/4/2015,1,587-144-6653,63063 Daystar Avenue,Blora,184,9,1,1,12/4/2021
284,Ruthann,Grolle,1/29/2007,2,478-438-5472,443 Golf Course Parkway,Piltown,265,11,3,1,7/13/2022
285,Amandy,Senton,6/11/2014,1,703-618-7536,769 Chive Court,Polel Diaoubé,24,5,1,1,12/29/2021
286,Kippy,McKintosh,12/17/2006,1,618-917-5973,8 Melby Court,Taokeng,157,7,3,1,10/5/2022
287,Joella,Inch,4/27/2010,2,271-741-6595,40593 Knutson Point,Voyutychi,8,5,3,2,10/3/2022
288,Alley,Gibb,1/16/2015,1,397-205-4504,6 Ridgeway Pass,Tegalsari,86,10,2,1,11/12/2021
289,Pacorro,Barthelme,5/6/2011,1,524-961-9083,11742 Eastlawn Parkway,Soreang,167,7,3,2,8/1/2022
290,Sylvan,McCaughen,1/26/2008,2,502-389-4307,2985 Coleman Center,Nizhneivkino,110,3,1,1,8/8/2022
291,Thadeus,Baudry,5/6/2010,2,906-805-1317,73428 Cascade Parkway,Tân Sơn,117,4,3,1,7/19/2022
292,Bertram,Wilcot,1/1/2014,1,337-834-3318,83520 Lillian Plaza,Drogomyśl,90,5,2,1,8/29/2022
293,Nate,Barrick,8/12/2016,2,513-249-0728,1812 Carberry Drive,Šardice,89,3,2,2,7/14/2022
294,Hank,Deluca,11/10/2006,1,893-180-3319,60 Chive Point,Valdemarsvik,255,3,1,1,1/20/2022
295,Englebert,Buckhurst,10/7/2007,1,601-189-0791,22 Brickson Park Junction,Sabtang,182,1,1,1,12/23/2021
296,Hedwiga,Woan,4/8/2013,1,153-401-2380,0753 Sachs Crossing,Troyits’ke,188,7,1,1,12/2/2021
297,Lodovico,Cowwell,12/3/2013,2,744-105-3003,24186 Jana Street,Zhendong,62,2,1,2,2/27/2022
298,Antoinette,Cloke,8/17/2012,2,697-123-1690,5 Delaware Place,Batken,65,8,3,1,7/27/2022
299,Nicolina,Willmont,6/22/2015,2,714-284-5934,206 Clyde Gallagher Road,Al Hoceïma,247,5,2,2,7/19/2022
300,Cristin,Usborn,4/29/2006,1,256-435-1356,299 Amoth Terrace,Lindong,241,9,2,2,1/1/2022
301,Pearline,Dibdale,3/24/2016,1,866-598-8064,99 Lindbergh Lane,San Jacinto,269,11,2,2,4/26/2022
302,Gnni,Goney,11/17/2011,1,676-128-0002,6439 Mccormick Parkway,Toutai,70,3,2,1,2/22/2022
303,Courtnay,Birmingham,11/13/2006,2,614-748-5521,71145 Bluestem Park,Karema,284,5,2,2,5/13/2022
304,Ryan,Rubenfeld,9/25/2011,2,665-418-0917,25 Garrison Circle,Inda Silasē,254,4,2,2,6/21/2022
305,Brandy,Berntssen,12/14/2011,2,246-162-5807,62285 Northwestern Park,Suphan Buri,248,7,3,1,9/19/2022
306,Kory,Warlock,12/14/2005,1,684-862-8545,8 Hauk Park,Aktau,232,7,3,1,2/24/2022
307,Brett,Matous,10/8/2007,2,419-727-2975,8148 Helena Avenue,Lanot,279,3,1,2,11/2/2021
308,Tally,Baxstar,5/4/2016,2,974-948-8573,244 Loomis Terrace,Luga,207,9,1,1,2/24/2022
309,Morgan,Hallitt,5/8/2010,1,774-775-8083,1406 Lotheville Terrace,Xi’an,16,6,2,2,6/10/2022
310,Burk,Menego,5/16/2008,2,930-646-3052,237 South Alley,Palkino,269,10,1,2,4/10/2022
311,Arda,Langham,4/24/2012,2,638-349-7512,617 Waubesa Parkway,Ipoh,167,4,3,1,11/1/2021
312,Alissa,Lowell,3/15/2012,1,332-645-5080,430 Prairieview Drive,Çepan,56,5,3,2,1/16/2022
313,Teresita,Thorlby,4/15/2015,1,576-527-6840,9972 Huxley Place,Labé,156,1,2,2,9/6/2022
314,Lyda,Laurie,4/28/2013,1,711-760-1482,17025 Basil Terrace,Pedregal,271,6,2,2,5/2/2022
315,Adan,Mullins,2/24/2013,1,706-365-8740,0 Garrison Lane,Makiyivka,94,6,1,2,11/10/2021
316,Hermie,Daid,9/1/2010,2,252-358-6903,23 Lakewood Gardens Place,Laugar,288,11,3,2,10/5/2022
317,Gavrielle,Rouchy,10/15/2015,2,495-721-4413,024 Almo Alley,Farshūţ,170,7,1,1,6/9/2022
318,Mathias,Sabban,1/9/2010,1,645-535-2812,0 Sundown Alley,Castanheira,46,2,2,1,4/22/2022
319,Hazel,Coneau,7/6/2015,1,571-497-2049,12344 Manufacturers Pass,Fonte Boa dos Nabos,24,1,1,1,7/18/2022
320,Benita,Rathjen,7/2/2014,2,448-591-8066,7985 Novick Park,Rybarzowice,226,1,3,1,1/30/2022
321,Merilee,Tersay,12/24/2015,2,459-308-2750,9663 Elmside Center,Velká Dobrá,54,10,3,1,1/5/2022
322,Kaile,Bean,10/10/2013,1,843-188-9439,86 Rieder Way,Smara,101,7,3,1,4/13/2022
323,Avrit,Fowle,9/9/2012,1,350-856-8245,2446 Oak Valley Terrace,Falun,11,11,3,1,10/30/2021
324,Any,Linning,3/3/2007,2,985-640-4015,0052 Sherman Drive,Psychikó,279,10,1,1,9/29/2022
325,Analise,Foresight,12/24/2008,1,876-464-2015,9 Union Trail,Aghavnatun,178,7,3,1,4/10/2022
326,Solomon,Larvor,9/19/2010,1,615-540-0380,4 Schiller Alley,Fresnes,30,1,3,2,6/22/2022
327,Feodor,Meriot,5/1/2016,1,225-364-0856,842 Jenna Pass,Wschowa,113,11,1,1,10/5/2022
328,Harvey,Stiling,5/11/2008,1,434-480-0193,3818 Shoshone Park,Anju,31,2,2,2,5/13/2022
329,Durand,Linham,5/18/2008,2,270-420-9486,96514 Longview Alley,Liuzhuang,68,6,1,2,7/22/2022
330,Alfons,Petche,12/1/2007,2,960-200-7919,59 Bultman Court,Jiangkou,15,11,3,1,7/21/2022
331,Sandy,Droghan,4/25/2009,2,312-857-4657,49 Waywood Center,Yongfa,259,6,1,1,4/29/2022
332,Kanya,Cotterel,11/11/2005,1,396-747-3922,17 Dwight Circle,Xêgar,23,2,1,2,10/17/2021
333,Stesha,Fransinelli,12/23/2010,2,564-523-5790,94892 Stoughton Terrace,Mayo,81,4,3,1,8/19/2022
334,Keely,Jaszczak,5/6/2015,2,607-261-6982,9070 Garrison Parkway,Kota Trieng,287,9,2,2,12/9/2021
335,Susana,Etchell,7/25/2010,1,586-266-8031,7931 Westerfield Court,Tugdan,104,11,3,1,5/4/2022
336,Scarlett,Kington,12/23/2015,1,175-754-1736,65 Kingsford Hill,Capelinha,188,2,3,1,7/4/2022
337,Kamillah,Hadlee,1/1/2007,2,428-256-6100,536 Acker Drive,San Jose,205,10,1,2,11/1/2021
338,Monty,McVicker,8/22/2016,1,559-679-6275,8294 Nevada Trail,Lago da Pedra,72,7,3,1,1/27/2022
339,Massimo,Bruty,8/16/2014,1,598-536-0316,0 Sloan Trail,Świlcza,136,5,3,1,6/5/2022
340,Janifer,Pidon,10/5/2008,2,443-928-0391,8 Fieldstone Park,Beiping,282,11,2,2,6/18/2022
341,Bart,Abbison,4/24/2008,2,659-124-1692,48467 Sachs Road,Wukeshu,148,1,3,1,7/17/2022
342,Estel,Spinige,5/25/2015,2,408-580-0010,2144 Northridge Parkway,Świdwin,116,10,1,1,1/27/2022
343,Alfie,Bloschke,1/13/2012,1,777-457-0313,54 Milwaukee Hill,Linggamanik,72,5,1,2,10/26/2021
344,Pierette,Nucciotti,6/26/2010,2,921-196-4651,9779 Grayhawk Center,Orlová,39,5,2,1,3/12/2022
345,Kimmy,Aleksidze,3/17/2007,1,519-446-4257,97 Manley Court,San Miguel,298,2,3,2,8/16/2022
346,Dorian,Spours,12/1/2013,1,668-557-7134,7045 Bobwhite Point,Tabu,33,7,3,2,8/13/2022
347,Loralee,Kassman,6/11/2010,1,996-733-3434,335 Dryden Hill,Qianhong,107,11,2,2,1/25/2022
348,Cal,Longstreet,7/26/2012,1,400-471-6219,479 Morrow Park,Katoro,186,6,3,2,8/23/2022
349,Dallas,Petters,10/28/2014,1,299-104-2577,75 Pierstorff Trail,Camagüey,24,7,2,1,12/2/2021
350,Seline,Baggs,8/30/2009,1,972-659-2551,2 Doe Crossing Alley,Nueva Manoa,284,11,1,1,8/3/2022
351,Shell,Searchwell,1/11/2009,1,810-462-1593,9797 Hermina Place,Goczałkowice Zdrój,186,1,3,2,3/31/2022
352,Benjamin,Rivard,8/6/2013,2,193-729-5788,4441 Monterey Hill,Aksha,208,9,2,1,12/18/2021
353,Marietta,Latour,2/19/2009,1,188-645-9415,97326 Nevada Lane,Logroño,242,11,3,2,11/18/2021
354,Andi,Jodlowski,11/18/2006,2,395-608-8655,10 Hanover Lane,Alajuela,90,6,3,2,9/7/2022
355,Casar,Cuddon,5/28/2009,2,765-911-2380,94 Walton Alley,Yingde’er,143,10,3,1,2/26/2022
356,Mariette,Edmands,8/3/2007,1,399-953-7475,2729 Thompson Avenue,Mokopane,89,4,3,2,7/17/2022
357,Ingra,McLugish,9/22/2009,1,978-694-7624,384 Monica Court,Valera,55,6,3,1,9/1/2022
358,Flore,Ceschelli,1/9/2012,1,946-286-7427,954 Pepper Wood Plaza,El Viejo,262,2,1,2,1/28/2022
359,Tabina,Worgen,7/1/2007,2,694-165-3529,0440 Granby Junction,Itzer,74,5,2,1,3/2/2022
360,Florian,Dumpleton,11/28/2013,1,233-351-3821,9 Debs Avenue,Belūsovka,41,4,1,1,12/30/2021
361,Petrina,Jennaway,4/28/2016,2,541-543-2944,6 Arkansas Circle,Xiaosong,79,3,2,1,10/30/2021
362,Annamarie,Langdale,10/8/2006,1,253-960-9267,999 Portage Alley,Banepa,198,3,3,1,9/4/2022
363,Zoe,Burcher,10/4/2015,1,570-693-7673,037 Jay Avenue,Pinggang,18,7,3,1,4/3/2022
364,Henka,Hendriksen,8/2/2006,1,443-220-7585,372 Iowa Trail,Borovskoy,242,10,3,1,12/3/2021
365,Cathy,Habershon,1/27/2006,1,815-830-7046,2669 Prairieview Street,Osięciny,199,11,3,1,12/18/2021
366,Glyn,Pridgeon,9/5/2011,1,860-311-8038,43562 Anniversary Junction,Jardim,47,2,1,1,1/30/2022
367,Grier,Hellyer,5/12/2011,2,640-914-7997,352 Nancy Road,Sosnovka,268,10,3,2,8/13/2022
368,Martelle,Tumelty,7/28/2014,1,912-720-9504,85846 Carey Plaza,Mariestad,161,5,1,1,12/18/2021
369,Mortimer,Thebes,7/30/2006,1,750-324-8157,085 Hintze Lane,Anton,94,9,1,2,11/14/2021
370,Decca,Farren,1/17/2014,1,437-714-8657,1517 Mandrake Way,Sagang,182,1,2,2,9/16/2022
371,Nicolas,Kinsey,4/28/2015,1,306-349-4558,0818 School Place,Nueva Germania,163,7,2,2,3/7/2022
372,Matthus,Espin,4/6/2009,2,466-172-2554,9 Michigan Pass,Kuzovatovo,202,5,2,1,8/1/2022
373,Ozzy,MacManus,5/26/2010,1,240-792-3304,2253 Lakewood Gardens Pass,Shanga,135,6,2,1,1/8/2022
374,Regen,McIlreavy,1/10/2011,2,465-153-8475,4894 Iowa Lane,Gyangkar,121,4,2,2,11/14/2021
375,Starlene,Brisland,11/17/2014,2,506-287-1496,8 Kensington Center,Songjiang,77,6,3,1,7/25/2022
376,Helge,O'Growgane,7/3/2012,2,986-168-8548,66498 Independence Road,Villasis,290,11,3,2,8/29/2022
377,Joeann,Spens,11/11/2011,2,381-510-0394,1 Farwell Park,Miramichi,193,5,2,2,12/30/2021
378,Roxi,Vitet,12/4/2005,1,491-819-3779,390 Mariners Cove Lane,Krajan Demit,37,8,1,1,5/3/2022
379,Locke,Clancy,9/3/2014,1,230-864-2376,8265 Debra Park,Moryń,12,2,3,1,10/14/2021
380,Godfrey,Menauteau,4/12/2013,1,864-107-7561,03551 Quincy Road,Esperanza,288,5,1,2,9/14/2022
381,Mead,Bellanger,1/25/2016,2,903-562-2833,97768 Westerfield Point,Löddeköpinge,157,9,3,1,6/17/2022
382,Elysee,MacGruer,8/27/2011,2,906-975-4540,86 7th Road,Quatá,198,8,3,2,9/5/2022
383,Kendall,Freebury,7/12/2008,1,581-829-9276,02930 Garrison Avenue,Tomay Kichwa,291,4,1,1,2/26/2022
384,Robb,Charlwood,8/25/2009,1,988-216-5235,56 American Ash Park,La Dorada,105,5,2,2,3/1/2022
385,Lona,Grimsell,5/31/2016,2,308-698-9859,385 Banding Road,Pražmo,228,9,1,2,8/12/2022
386,Lianna,Bosche,11/13/2006,1,686-946-7596,57274 Karstens Avenue,El Hamma,129,10,3,1,12/28/2021
387,Kara-lynn,Cardon,12/11/2014,2,945-572-5587,93 2nd Pass,Radymno,45,1,1,1,5/29/2022
388,Frazer,Depka,9/26/2009,2,414-860-5283,0354 Havey Terrace,Yangjiao,160,9,1,1,10/4/2022
389,Garrard,Schulke,8/22/2011,2,105-760-3194,29 Sutherland Way,Utkivka,14,4,1,1,2/3/2022
390,Clarance,Gritskov,12/22/2011,2,740-639-5593,6328 Gale Hill,Pak Chom,174,5,3,1,10/29/2021
391,Denny,Leask,12/29/2005,2,320-634-0592,3666 Morningstar Street,Cikole,77,9,2,1,2/11/2022
392,Theodoric,Culleton,3/10/2006,1,908-972-1813,31525 Hayes Circle,Huyang,248,8,2,2,2/2/2022
393,Cheri,Martinet,5/18/2007,1,437-593-8749,72736 Knutson Way,Wola Jachowa,205,3,2,2,3/27/2022
394,Briana,Tonepohl,6/29/2012,1,475-662-7631,08895 Bonner Court,Krajan Siki,172,10,2,2,1/19/2022
395,Dionysus,Auguste,9/17/2012,2,359-278-9004,45 Lake View Drive,Isulan,301,2,3,1,11/24/2021
396,Jard,Mellodey,4/29/2011,2,650-966-0261,32 Arkansas Terrace,Hewa,222,7,3,2,6/26/2022
397,Iolanthe,Crossgrove,9/14/2014,1,409-792-5197,4 Bonner Plaza,Fernando de Noronha (Distrito Estadual),4,10,1,2,3/27/2022
398,Mariquilla,Santore,4/5/2012,1,989-973-5524,53 Killdeer Circle,Saidpur,293,6,3,1,10/12/2022
399,Michail,Gurwood,9/4/2013,2,854-550-3749,312 American Ash Avenue,Brzeszcze,115,5,2,1,2/10/2022
400,Cristiano,Loveland,4/29/2007,2,270-302-6445,7 Tennessee Lane,Ciracap,45,9,3,1,10/6/2022
401,Nissy,Sidsaff,11/8/2008,2,336-560-4168,71903 Tennyson Pass,Banjar Pasekan,69,7,1,2,3/9/2022
402,Tedmund,Chadd,6/2/2012,2,396-341-9864,4400 Heath Park,Cicayur,146,3,3,2,12/21/2021
403,Amara,McWhan,11/20/2013,1,166-154-5796,04613 Kensington Junction,Cisasak,13,8,1,2,11/23/2021
404,Freeman,Cornill,10/10/2012,1,852-563-0589,5899 Nova Terrace,Jonkowo,257,2,3,1,8/24/2022
405,Chucho,Davidsohn,5/29/2009,2,795-179-2430,0029 Schurz Plaza,Glugur Krajan,111,5,3,2,9/14/2022
406,Janela,Glede,4/2/2016,1,883-597-8079,644 Moose Alley,Viana do Castelo,73,11,3,1,4/6/2022
407,Eugen,Hordle,1/11/2006,2,748-109-1931,1 Susan Park,Rayevskiy,83,1,1,2,12/13/2021
408,Emmit,Grimsell,8/11/2011,1,991-840-4172,32267 Sherman Point,Montería,166,3,3,2,11/5/2021
409,Hussein,Konrad,6/15/2015,2,633-373-5017,39 Jay Street,Yaosai,203,4,2,1,5/20/2022
410,Karon,Biglin,2/18/2015,2,571-663-8323,469 Lakeland Pass,Tabu,57,4,2,2,10/23/2021
411,Rosabel,Lente,4/18/2011,1,872-797-2082,0614 Carey Drive,Sambogunung,200,11,2,1,12/8/2021
412,Audra,Kingcote,1/22/2009,2,526-303-1836,749 Dapin Point,Alangalang,284,5,2,2,1/6/2022
413,Eliot,Wareham,3/20/2015,2,129-299-6104,01068 Hazelcrest Lane,Karangpao,191,4,3,2,11/26/2021
414,Georgeta,Dunlea,4/11/2006,2,379-451-6710,6887 Golf Course Road,Banjar Pangkungkarung Kangin,99,8,1,2,7/26/2022
415,Atlante,Housin,5/31/2014,1,731-138-9562,5229 Park Meadow Drive,Hulutao,251,6,2,2,2/6/2022
416,Elmo,Nowak,2/5/2011,2,107-353-1693,9034 Redwing Terrace,Aráchova,260,11,3,2,6/3/2022
417,Tristam,Soal,3/14/2010,1,143-344-3256,81 Redwing Circle,Jalalaqsi,192,2,1,1,9/12/2022
418,Kerry,Pape,7/13/2016,1,617-450-7185,4 Mayer Pass,Mount Ayliff,97,1,1,2,8/9/2022
419,Archibold,Belloch,7/15/2009,1,190-814-9554,36 Farmco Court,Orkney,272,7,1,1,9/15/2022
420,Jimmy,Zavattari,4/5/2009,2,918-986-7689,76946 High Crossing Crossing,Ocongate,31,9,3,2,10/27/2021
421,Ruby,Barrowclough,8/22/2015,1,760-161-5224,9155 Emmet Place,Harper,246,2,2,2,12/11/2021
422,Maridel,Godrich,5/29/2009,2,735-875-2531,99 Loeprich Terrace,Wanzhai,36,7,1,2,12/7/2021
423,Rois,Casarini,8/28/2016,1,850-422-3802,25448 North Road,Sokal’,40,1,1,2,5/4/2022
424,Omero,Chanson,9/1/2009,2,399-885-9316,11 Columbus Plaza,Staré Hradiště,248,7,3,1,1/12/2022
425,Corine,Stuchbery,11/29/2006,1,971-862-6046,6 Londonderry Park,Yuanda,296,10,3,2,6/24/2022
426,Patty,Fantin,12/9/2010,1,585-322-9830,60 Mallard Road,San Juan Opico,212,3,1,2,12/14/2021
427,Lexi,Worms,3/4/2010,2,701-278-0900,7723 8th Court,Bagong Barrio,108,10,1,1,2/21/2022
428,Pall,Edmeades,4/2/2014,1,620-459-9771,89933 Corscot Drive,Fuente de Oro,138,8,3,2,2/25/2022
429,Orv,Hallifax,3/28/2008,2,349-924-7649,3 Blaine Pass,San Pedro Necta,233,11,3,1,7/29/2022
430,Cathryn,Myhan,3/1/2009,2,510-148-6687,7 Bunting Place,Mingyu,219,1,3,1,5/28/2022
431,Ode,Tackley,4/13/2011,2,778-298-6529,854 Arkansas Crossing,Hengyang,155,5,3,1,3/5/2022
432,Odette,Cant,12/22/2006,2,239-407-6967,114 Carioca Trail,Mons,298,8,2,1,5/11/2022
433,Minne,Dalligan,1/28/2010,2,728-156-4014,966 Grim Road,Podgórzyn,210,7,3,1,1/22/2022
434,Genovera,Richford,6/5/2014,2,325-883-9709,77526 High Crossing Way,Thun,233,2,3,2,7/21/2022
435,Madison,Spaunton,1/8/2012,2,133-186-0645,9817 Hazelcrest Park,Bistrinci,274,8,3,2,12/23/2021
436,Lilli,Huskisson,7/1/2008,2,368-474-1549,3786 Lukken Way,Nong Muang,266,3,3,1,7/23/2022
437,Gratiana,Nelhams,3/2/2008,2,675-386-7185,43 Meadow Vale Lane,Knyaginino,235,4,2,2,6/2/2022
438,Jorrie,Manilow,11/23/2011,1,573-487-3877,8072 Corben Trail,Peachland,61,4,1,2,5/15/2022
439,Elana,Bummfrey,8/10/2009,2,200-929-2355,6 Melody Pass,Inuotose,232,5,1,2,7/14/2022
440,Sheeree,Beaton,4/4/2016,1,482-673-8528,372 Homewood Street,Sovetskaya,35,8,2,1,4/19/2022
441,Neely,O' Timony,4/23/2006,2,487-284-0458,86695 Lake View Drive,Jakusko,110,3,1,2,4/17/2022
442,Francoise,Mohring,2/11/2012,1,807-363-0256,00 Village Hill,Mādārīpur,107,1,3,2,4/13/2022
443,Adella,Test,8/18/2011,2,887-471-6308,15 Erie Point,Sakchu-ŭp,246,3,1,1,10/26/2021
444,Kate,Mapston,12/24/2014,1,779-446-3481,1 Charing Cross Park,Bijela,155,5,1,2,7/1/2022
445,Hinze,Leadbitter,4/29/2014,1,170-466-1020,03 Schiller Pass,Itamarandiba,231,8,3,1,12/4/2021
446,Vera,Woodes,8/28/2010,1,340-244-2784,9906 Iowa Point,Pulau Pinang,261,1,1,1,6/18/2022
447,Cassondra,Meus,5/5/2013,2,754-315-8656,820 5th Lane,Kuala Lumpur,3,3,2,2,12/16/2021
448,Welbie,Waterhouse,8/27/2009,1,166-839-1951,7 Algoma Pass,Fāraskūr,186,4,3,1,12/11/2021
449,Morgan,Winsome,8/23/2011,1,733-220-1835,437 Messerschmidt Crossing,Saint-Pierre,84,8,3,1,3/9/2022
450,Albina,Morfield,10/3/2010,1,679-598-2335,6559 Sheridan Court,Zubin Potok,63,6,2,2,7/28/2022
451,Bertrando,Di Napoli,4/10/2007,2,752-305-2368,643 Crowley Way,München,78,4,2,1,3/3/2022
452,Joete,Lemasney,2/8/2011,2,748-528-3272,9677 Brown Alley,Sitangkai,153,6,3,2,5/20/2022
453,Maggi,Deverick,7/26/2016,1,590-420-3584,63 Jenifer Center,Jaguaribe,25,11,1,2,10/4/2022
454,Meredithe,Swine,2/1/2011,2,152-456-6402,47 Riverside Place,Lemland,264,2,1,2,1/6/2022
455,Candide,Cutbirth,6/3/2010,1,544-695-0719,996 Dakota Avenue,Gludug,270,6,1,1,5/26/2022
456,Maddalena,Bumfrey,7/12/2016,2,227-396-8362,734 Bartillon Park,Kiszkowo,294,3,1,1,1/22/2022
457,Raffaello,Blackman,5/16/2015,1,653-190-8748,4 Rusk Way,Lebak,242,11,2,1,4/13/2022
458,Rosene,Bussetti,8/1/2006,1,924-924-4197,971 Superior Crossing,Shiogama,209,4,2,1,1/2/2022
459,Sinclare,Jerrams,9/14/2010,2,595-703-1993,94 Amoth Point,Tafeng,146,9,2,2,7/19/2022
460,Meriel,Bateup,2/19/2007,1,471-210-6507,9 Hayes Pass,Portão,236,10,3,2,11/4/2021
461,Faber,Braisted,2/15/2008,2,502-862-1642,14 South Crossing,Atuntaqui,159,9,2,2,2/10/2022
462,Ave,Ferri,12/30/2006,1,341-283-1525,7 Prairie Rose Center,Maykopskoye,216,7,3,2,9/4/2022
463,Lynette,Abbot,2/17/2008,1,144-936-6355,5204 Sycamore Street,Hirakata,131,4,3,1,3/8/2022
464,Ruben,Chalfont,4/25/2011,1,796-530-5326,893 Iowa Trail,Dolní Libina,280,10,2,2,6/26/2022
465,Fina,Starkey,7/20/2014,2,320-891-3550,5058 Arkansas Lane,Gnojnik,137,9,2,1,3/24/2022
466,Paulette,Thatcham,12/22/2007,1,941-703-1595,33 Jana Alley,Trindade,292,1,1,1,9/15/2022
467,Ethelred,Jorioz,9/23/2009,1,295-392-2963,78752 Scofield Circle,Svatava,98,8,1,1,9/13/2022
468,Tony,Vaud,7/22/2012,2,139-309-6402,37 Veith Crossing,Yaxi,294,9,1,2,4/28/2022
469,Elisha,Sewall,10/10/2014,1,561-332-4982,90754 Gale Alley,Västerås,169,2,1,1,6/2/2022
470,Jonis,Castellucci,10/4/2012,2,927-247-8510,47654 Golden Leaf Lane,Maticmatic,263,2,2,1,7/15/2022
471,Aleece,Dandie,9/11/2008,2,224-754-1747,8 Gale Drive,Catabola,206,6,1,1,3/10/2022
472,Marlin,Saunder,10/13/2014,2,491-489-9040,37 Saint Paul Hill,Dzüünbulag,54,5,1,2,9/25/2022
473,Jordon,Meak,5/17/2010,1,597-562-6428,43 Jenna Parkway,Skołyszyn,109,5,2,2,9/22/2022
474,Jennie,Stollenbecker,10/31/2009,1,775-682-4771,5900 Sullivan Crossing,Medicine Hat,84,5,1,2,5/3/2022
475,Nickola,Simionato,4/5/2014,1,371-174-7445,609 Oxford Trail,Bayuwan,160,6,3,1,1/1/2022
476,Bernita,Zanuciolii,2/10/2010,1,185-727-7815,1899 Scott Crossing,Kemlya,144,8,2,1,12/12/2021
477,Pattie,Hearl,11/6/2011,2,795-682-4876,1850 Upham Parkway,Krivodanovka,89,6,3,2,5/3/2022
478,Reinald,Gomme,11/8/2007,1,942-240-6241,708 Rigney Court,Ingersoll,224,4,1,2,7/1/2022
479,Rickey,McCaughey,12/17/2008,2,560-308-1379,4 Schiller Lane,Guadalupe,162,10,3,1,2/1/2022
480,Rubia,Angood,4/1/2009,1,989-834-3005,7331 Golf View Lane,Paris 16,153,7,2,2,10/18/2021
481,Goldy,Phillcox,3/27/2014,1,187-741-1943,297 Maryland Crossing,Sneek,9,5,1,1,9/2/2022
482,Tammy,Ruler,5/20/2011,2,573-912-8237,661 Mockingbird Terrace,Hvozdná,87,3,3,1,6/2/2022
483,Elana,Male,8/12/2007,2,518-911-6639,6018 Pankratz Court,Itō,85,10,2,1,1/16/2022
484,Jen,Gerson,11/12/2012,1,547-715-0467,63322 Caliangt Center,El Retén,12,10,1,1,2/23/2022
485,Broddie,Pietzner,2/10/2007,2,655-269-0267,0 Miller Junction,Sinop,100,2,1,2,8/3/2022
486,Lucho,Bottoms,2/13/2006,1,302-342-5983,2 Dovetail Terrace,Pinheiro,58,9,3,1,3/31/2022
487,Cullan,Mattessen,12/28/2015,1,902-318-0421,773 Del Mar Pass,Al Khānkah,84,9,2,1,6/13/2022
488,Blithe,Trevor,6/27/2009,2,706-657-7945,63660 Derek Junction,Guarenas,58,4,3,1,6/20/2022
489,Prescott,Pinchon,5/7/2010,1,354-356-3819,917 Lotheville Park,Canjulao,12,8,1,1,3/28/2022
490,Dreddy,Patey,5/16/2006,2,220-701-9894,8 Michigan Drive,Perniö,17,5,2,1,9/22/2022
491,Amaleta,Wardroper,12/17/2006,1,637-276-8481,16178 Beilfuss Alley,Rakvere,28,11,2,1,3/7/2022
492,Elke,Mains,2/20/2016,2,207-206-1860,61561 Manufacturers Lane,Novallas,44,3,3,2,12/10/2021
493,Brewer,McWhorter,5/22/2009,2,347-416-7949,69 Buena Vista Court,Santong,254,3,3,1,3/25/2022
494,Clemens,Tracey,11/18/2015,1,145-859-4515,54026 Gale Place,Al Qanāţir al Khayrīyah,93,1,1,1,5/15/2022
495,Reina,Powton,1/4/2012,2,561-862-8164,819 Lawn Alley,Qiqian,280,8,3,1,5/27/2022
496,Koo,Iacovielli,12/4/2012,1,769-236-1928,9 Nova Plaza,Seka,289,6,2,2,5/15/2022
497,Sephira,Kwietek,3/20/2013,2,889-305-0493,657 Springview Lane,Massaguet,247,10,3,1,9/22/2022
498,Isac,Carnow,11/29/2014,1,865-344-6112,6192 Mcbride Avenue,Sosándra,270,7,2,1,5/11/2022
499,Amerigo,Lourenco,11/18/2008,1,368-629-7840,46194 Sachs Parkway,Mixco,191,9,1,2,2/3/2022
500,Kerrie,Srawley,7/23/2010,1,815-677-1757,462 Hoepker Plaza,Riah,235,1,2,1,6/10/2022
